{
    "$schema": "http://json-schema.org/draft-06/schema#",
    "$id": "http://sap.com/vflow/sdi_replication.repl_checksum_col_attributes.configSchema.json",
    "type": "object",
    "properties": {
        "codelanguage": {
            "type": "string"
        },
        "script": {
            "type": "string"
        },
        "debug_mode": {
            "title": "Debug mode",
            "description": "Sending debug level information to log port",
            "type": "boolean"
        },
        "file_path_att": {
            "title": "File Path Attribute (B/P)",
            "description": "Set File Path Attribute (B-ase or P-rimary Key)",
            "type": "string"
        }
    }
}