{
    "description": "Read Primary Key",
    "component": "com.sap.system.python3Operator",
    "versionStatus": "active",
    "inports": [
        {
            "name": "input",
            "type": "message.file"
        }
    ],
    "outports": [
        {
            "name": "log",
            "type": "string"
        },
        {
            "name": "base",
            "type": "message.file"
        }
    ],
    "iconsrc": "repl_read_primary_keys.svg",
    "config": {
        "$type": "http://sap.com/vflow/sdi_replication.repl_read_primary_key_file.configSchema.json",
        "script": "file://repl_read_primary_key.py",
        "scriptReference": "repl_read_primary_key.py"
    },
    "tags": {
        "pandas": ""
    }
}