{
    "properties": {},
    "description": "Table Profiles",
    "processes": {
        "readhanatable1": {
            "component": "com.sap.hana.readTable",
            "metadata": {
                "label": "Read Table Repository",
                "x": 17,
                "y": 100.99999952316284,
                "height": 80,
                "width": 120,
                "config": {
                    "configMode": "Static (from configuration)",
                    "tableName": "\"REPLICATION\".\"TEST_TABLES_REPOS\"",
                    "connection": {
                        "configurationType": "Configuration Manager",
                        "connectionID": "HANA_TH"
                    }
                }
            }
        },
        "wiretap1": {
            "component": "com.sap.util.wiretap",
            "metadata": {
                "label": "Wiretap",
                "x": 772.9999961853027,
                "y": 100.99999952316284,
                "height": 80,
                "width": 120,
                "ui": "dynpath",
                "config": {}
            }
        },
        "dispatchtables1": {
            "component": "sdi_replication.repl_dispatch_tables",
            "metadata": {
                "label": "Dispatch Tables",
                "x": 201.99999904632568,
                "y": 86.99999976158142,
                "height": 80,
                "width": 120,
                "extensible": true,
                "config": {}
            }
        },
        "tableprofile1": {
            "component": "sdi_replication.repl_table_profile",
            "metadata": {
                "label": "Table Profile",
                "x": 402.99999809265137,
                "y": 40.99999952316284,
                "height": 80,
                "width": 120,
                "extensible": true,
                "config": {}
            }
        },
        "runhanasql1": {
            "component": "com.sap.hana.runSQL",
            "metadata": {
                "label": "Run HANA SQL",
                "x": 587.999997138977,
                "y": 146.99999976158142,
                "height": 80,
                "width": 120,
                "config": {
                    "connection": {
                        "configurationType": "Configuration Manager",
                        "connectionID": "HANA_TH"
                    }
                }
            }
        },
        "graphterminator1": {
            "component": "com.sap.util.graphTerminator",
            "metadata": {
                "label": "Graph Terminator",
                "x": 402.99999809265137,
                "y": 160.99999952316284,
                "height": 80,
                "width": 120,
                "config": {}
            }
        },
        "21multiplexer1": {
            "component": "com.sap.system.multiplexer.2-1",
            "metadata": {
                "label": "2:1 Multiplexer",
                "x": 587.999997138977,
                "y": 26.99999976158142,
                "height": 80,
                "width": 120,
                "extensible": true,
                "config": {}
            }
        }
    },
    "groups": [],
    "connections": [
        {
            "metadata": {
                "points": "141,131.99999952316284 168.99999952316284,131.99999952316284 168.99999952316284,117.99999976158142 196.99999904632568,117.99999976158142"
            },
            "src": {
                "port": "success",
                "process": "readhanatable1"
            },
            "tgt": {
                "port": "tables",
                "process": "dispatchtables1"
            }
        },
        {
            "metadata": {
                "points": "325.9999990463257,126.99999976158142 369.9999985694885,126.99999976158142 369.9999985694885,80.99999952316284 397.99999809265137,80.99999952316284"
            },
            "src": {
                "port": "trigger",
                "process": "dispatchtables1"
            },
            "tgt": {
                "port": "data",
                "process": "tableprofile1"
            }
        },
        {
            "metadata": {
                "points": "526.9999980926514,89.99999952316284 554.9999976158142,89.99999952316284 554.9999976158142,186.99999976158142 582.999997138977,186.99999976158142"
            },
            "src": {
                "port": "msg",
                "process": "tableprofile1"
            },
            "tgt": {
                "port": "input",
                "process": "runhanasql1"
            }
        },
        {
            "metadata": {
                "points": "711.999997138977,177.99999976158142 739.9999966621399,177.99999976158142 739.9999966621399,254.99999928474426 554.9999976158142,254.99999928474426 554.9999976158142,268.9999990463257 353.9999985694885,268.9999990463257 353.9999985694885,194.99999928474426 168.99999952316284,194.99999928474426 168.99999952316284,135.99999976158142 196.99999904632568,135.99999976158142"
            },
            "src": {
                "port": "success",
                "process": "runhanasql1"
            },
            "tgt": {
                "port": "trigger",
                "process": "dispatchtables1"
            }
        },
        {
            "metadata": {
                "points": "325.9999990463257,108.99999976158142 353.9999985694885,108.99999976158142 353.9999985694885,12 554.9999976158142,12 554.9999976158142,57.99999976158142 582.999997138977,57.99999976158142"
            },
            "src": {
                "port": "log",
                "process": "dispatchtables1"
            },
            "tgt": {
                "port": "in1",
                "process": "21multiplexer1"
            }
        },
        {
            "metadata": {
                "points": "526.9999980926514,71.99999952316284 554.9999976158142,71.99999952316284 554.9999976158142,75.99999976158142 582.999997138977,75.99999976158142"
            },
            "src": {
                "port": "log",
                "process": "tableprofile1"
            },
            "tgt": {
                "port": "in2",
                "process": "21multiplexer1"
            }
        },
        {
            "metadata": {
                "points": "711.999997138977,66.99999976158142 739.9999966621399,66.99999976158142 739.9999966621399,140.99999952316284 767.9999961853027,140.99999952316284"
            },
            "src": {
                "port": "out1",
                "process": "21multiplexer1"
            },
            "tgt": {
                "port": "in",
                "process": "wiretap1"
            }
        },
        {
            "metadata": {
                "points": "325.9999990463257,144.99999976158142 362,145 362,201 397.99999809265137,200.99999952316284"
            },
            "src": {
                "port": "limit",
                "process": "dispatchtables1"
            },
            "tgt": {
                "port": "stop",
                "process": "graphterminator1"
            }
        }
    ],
    "inports": {},
    "outports": {}
}