{
    "description": "Dispatch Tables",
    "component": "com.sap.system.python3Operator",
    "inports": [
        {
            "name": "tables",
            "type": "message.table",
            "description": "List of tables"
        },
        {
            "name": "trigger",
            "type": "message.*",
            "description": "Trigger"
        }
    ],
    "outports": [
        {
            "name": "log",
            "type": "string",
            "description": "Logging data"
        },
        {
            "name": "trigger",
            "type": "message",
            "description": "trigger"
        },
        {
            "name": "limit",
            "type": "message",
            "description": "limit"
        }
    ],
    "config": {
        "$type": "http://sap.com/vflow/di_replication.dispatch_tables.configSchema.json",
        "script": "file://dispatch_tables.py",
        "mode": "F"
    },
    "tags": {},
    "iconsrc": "dispatch_tables.svg"
}