{
    "description": "Complete",
    "component": "com.sap.system.python3Operator",
    "inports": [
        {
            "name": "data",
            "type": "message.file",
            "description": "Input data"
        }
    ],
    "outports": [
        {
            "name": "log",
            "type": "string",
            "description": "Logging data"
        },
        {
            "name": "msg",
            "type": "message",
            "description": "msg with sql statement"
        }
    ],
    "config": {
        "$type": "http://sap.com/vflow/di_replication.complete.configSchema.json",
        "script": "file://complete.py"
    },
    "tags": {},
    "iconsrc": "complete.svg"
}