{
    "description": "Get primary keys",
    "component": "com.sap.system.python3Operator",
    "versionStatus": "active",
    "inports": [
        {
            "name": "tables",
            "type": "message.table"
        }
    ],
    "outports": [
        {
            "name": "log",
            "type": "string"
        },
        {
            "name": "sqlkeys",
            "type": "message"
        }
    ],
    "iconsrc": "repl_get_primary_keys.svg",
    "config": {
        "$type": "http://sap.com/vflow/sdi_replication.repl_get_primary_keys.configSchema.json",
        "script": "file://repl_get_primary_keys.py",
        "scriptReference": "repl_get_primary_keys.py"
    }
}