{
    "description": "check_file",
    "component": "com.sap.system.python3Operator",
    "versionStatus": "active",
    "inports": [
        {
            "name": "check",
            "type": "message.table"
        },
        {
            "name": "data",
            "type": "message.file"
        }
    ],
    "outports": [
        {
            "name": "log",
            "type": "string"
        },
        {
            "name": "csv",
            "type": "message.file"
        }
    ],
    "iconsrc": "repl_check_file.svg",
    "config": {
        "$type": "http://sap.com/vflow/sdi_replication.repl_check_file.configSchema.json",
        "debug_mode": false,
        "script": "file://repl_check_file.py",
        "scriptReference": "repl_check_file.py"
    },
    "tags": {
        "sdi_utils": ""
    }
}