{
    "description": "Dispatch Tables",
    "component": "com.sap.system.python3Operator",
    "versionStatus": "active",
    "inports": [
        {
            "name": "tables",
            "type": "message.table"
        },
        {
            "name": "input",
            "type": "message.*"
        },
        {
            "name": "nodata",
            "type": "message"
        }
    ],
    "outports": [
        {
            "name": "log",
            "type": "string"
        },
        {
            "name": "output",
            "type": "message"
        },
        {
            "name": "limit",
            "type": "message"
        }
    ],
    "iconsrc": "dispatch_tables.svg",
    "config": {
        "$type": "http://sap.com/vflow/di_replication.dispatch_tables.configSchema.json",
        "mode": "R",
        "script": "file://dispatch_tables.py"
    }
}