{
    "icon": "",
    "properties": {},
    "description": "SetupReplication",
    "processes": {
        "pipeline1": {
            "component": "com.sap.dh.vflowpipeline",
            "metadata": {
                "label": "generate Test Tables",
                "x": 550.9999980926514,
                "y": 12,
                "height": 80,
                "width": 120,
                "extensible": false,
                "config": {
                    "graphName": "Generate Batch Test Tables"
                }
            }
        },
        "workflowtrigger1": {
            "component": "com.sap.dh.trigger",
            "metadata": {
                "label": "Workflow Trigger",
                "x": 12,
                "y": 12,
                "height": 80,
                "width": 120,
                "extensible": true,
                "config": {}
            }
        },
        "pipeline2": {
            "component": "com.sap.dh.vflowpipeline",
            "metadata": {
                "label": "update data",
                "x": 735.999997138977,
                "y": 12,
                "height": 80,
                "width": 120,
                "extensible": false,
                "config": {
                    "graphName": "UpdateTestTables"
                }
            }
        },
        "pipeline3": {
            "component": "com.sap.dh.vflowpipeline",
            "metadata": {
                "label": "insert replication",
                "x": 920.9999961853027,
                "y": 12,
                "height": 80,
                "width": 120,
                "extensible": false,
                "config": {
                    "graphName": "Replication_HANA_ObjectStore"
                }
            }
        },
        "pipeline4": {
            "component": "com.sap.dh.vflowpipeline",
            "metadata": {
                "label": "update replication",
                "x": 1105.9999952316284,
                "y": 12,
                "height": 80,
                "width": 120,
                "extensible": false,
                "config": {
                    "graphName": "Update Replication_HANA_ObjectStore"
                }
            }
        },
        "pipeline5": {
            "component": "com.sap.dh.vflowpipeline",
            "metadata": {
                "label": "primary keys",
                "x": 180.99999618530273,
                "y": 12,
                "height": 80,
                "width": 120,
                "extensible": false,
                "config": {
                    "graphName": "GetPrimaryKeys"
                }
            }
        },
        "workflowterminator1": {
            "component": "com.sap.dh.terminator",
            "metadata": {
                "label": "Workflow Terminator",
                "x": 2215.9999895095825,
                "y": 12,
                "height": 80,
                "width": 120,
                "config": {}
            }
        },
        "pipeline7": {
            "component": "com.sap.dh.vflowpipeline",
            "metadata": {
                "label": "Update Table Profile",
                "x": 2030.9999904632568,
                "y": 12,
                "height": 80,
                "width": 120,
                "extensible": false,
                "config": {
                    "graphName": "TableProfile"
                }
            }
        },
        "pipeline6": {
            "component": "com.sap.dh.vflowpipeline",
            "metadata": {
                "label": "Prep obj store",
                "x": 365.9999990463257,
                "y": 12,
                "height": 80,
                "width": 120,
                "extensible": false,
                "config": {
                    "graphName": "PrepObjectStore"
                }
            }
        },
        "pipeline8": {
            "component": "com.sap.dh.vflowpipeline",
            "metadata": {
                "label": "insert data",
                "x": 1290.999994277954,
                "y": 12,
                "height": 80,
                "width": 120,
                "extensible": false,
                "config": {
                    "graphName": "InsertTestTables"
                }
            }
        },
        "pipeline9": {
            "component": "com.sap.dh.vflowpipeline",
            "metadata": {
                "label": "update data",
                "x": 1475.9999933242798,
                "y": 12,
                "height": 80,
                "width": 120,
                "extensible": false,
                "config": {
                    "graphName": "UpdateTestTables"
                }
            }
        },
        "pipeline10": {
            "component": "com.sap.dh.vflowpipeline",
            "metadata": {
                "label": "insert replication",
                "x": 1660.9999923706055,
                "y": 12,
                "height": 80,
                "width": 120,
                "extensible": false,
                "config": {
                    "graphName": "Replication_HANA_ObjectStore"
                }
            }
        },
        "pipeline11": {
            "component": "com.sap.dh.vflowpipeline",
            "metadata": {
                "label": "update replication",
                "x": 1845.9999914169312,
                "y": 12,
                "height": 80,
                "width": 120,
                "extensible": false,
                "config": {
                    "graphName": "Update Replication_HANA_ObjectStore"
                }
            }
        }
    },
    "groups": [],
    "connections": [
        {
            "metadata": {
                "points": "674.9999980926514,43 702.9999976158142,43 702.9999976158142,52 730.999997138977,52"
            },
            "src": {
                "port": "output",
                "process": "pipeline1"
            },
            "tgt": {
                "port": "input",
                "process": "pipeline2"
            }
        },
        {
            "metadata": {
                "points": "859.999997138977,43 887.9999966621399,43 887.9999966621399,52 915.9999961853027,52"
            },
            "src": {
                "port": "output",
                "process": "pipeline2"
            },
            "tgt": {
                "port": "input",
                "process": "pipeline3"
            }
        },
        {
            "metadata": {
                "points": "1044.9999961853027,43 1072.9999957084656,43 1072.9999957084656,52 1100.9999952316284,52"
            },
            "src": {
                "port": "output",
                "process": "pipeline3"
            },
            "tgt": {
                "port": "input",
                "process": "pipeline4"
            }
        },
        {
            "metadata": {
                "points": "2154.999990463257,43 2182.9999899864197,43 2182.9999899864197,52 2210.9999895095825,52"
            },
            "src": {
                "port": "output",
                "process": "pipeline7"
            },
            "tgt": {
                "port": "stop",
                "process": "workflowterminator1"
            }
        },
        {
            "metadata": {
                "points": "136,52 176,52"
            },
            "src": {
                "port": "output",
                "process": "workflowtrigger1"
            },
            "tgt": {
                "port": "input",
                "process": "pipeline5"
            }
        },
        {
            "metadata": {
                "points": "305,43 332.99999952316284,43 332.99999952316284,52 360.9999990463257,52"
            },
            "src": {
                "port": "output",
                "process": "pipeline5"
            },
            "tgt": {
                "port": "input",
                "process": "pipeline6"
            }
        },
        {
            "metadata": {
                "points": "489.9999990463257,43 517.9999985694885,43 517.9999985694885,52 545.9999980926514,52"
            },
            "src": {
                "port": "output",
                "process": "pipeline6"
            },
            "tgt": {
                "port": "input",
                "process": "pipeline1"
            }
        },
        {
            "metadata": {
                "points": "1229.9999952316284,43 1257.9999947547913,43 1257.9999947547913,52 1285.999994277954,52"
            },
            "src": {
                "port": "output",
                "process": "pipeline4"
            },
            "tgt": {
                "port": "input",
                "process": "pipeline8"
            }
        },
        {
            "metadata": {
                "points": "1414.999994277954,43 1442.999993801117,43 1442.999993801117,52 1470.9999933242798,52"
            },
            "src": {
                "port": "output",
                "process": "pipeline8"
            },
            "tgt": {
                "port": "input",
                "process": "pipeline9"
            }
        },
        {
            "metadata": {
                "points": "1599.9999933242798,43 1627.9999928474426,43 1627.9999928474426,52 1655.9999923706055,52"
            },
            "src": {
                "port": "output",
                "process": "pipeline9"
            },
            "tgt": {
                "port": "input",
                "process": "pipeline10"
            }
        },
        {
            "metadata": {
                "points": "1784.9999923706055,43 1812.9999918937683,43 1812.9999918937683,52 1840.9999914169312,52"
            },
            "src": {
                "port": "output",
                "process": "pipeline10"
            },
            "tgt": {
                "port": "input",
                "process": "pipeline11"
            }
        },
        {
            "metadata": {
                "points": "1969.9999914169312,43 1997.999990940094,43 1997.999990940094,52 2025.9999904632568,52"
            },
            "src": {
                "port": "output",
                "process": "pipeline11"
            },
            "tgt": {
                "port": "input",
                "process": "pipeline7"
            }
        }
    ],
    "inports": {},
    "outports": {}
}