{
    "$schema": "http://json-schema.org/draft-06/schema#",
    "$id": "http://sap.com/vflow/di_replication.dispatch_tables.configSchema.json",
    "type": "object",
    "properties": {
        "codelanguage": {
            "type": "string"
        },
        "script": {
            "type": "string"
        },
        "mode": {
            "title": "Mode: (F)or-Loop, (C)onditional or (I)ndefinite",
            "description": "Mode: ('F'or, 'C'onditional or 'I'indefinite.",
            "type": "string"
        }
    }
}