{
    "properties": {},
    "description": "Replication",
    "processes": {
        "graphterminator1": {
            "component": "com.sap.util.graphTerminator",
            "metadata": {
                "label": "Graph Terminator",
                "x": 1214.9999933242798,
                "y": 160.99999952316284,
                "height": 80,
                "width": 120,
                "config": {},
                "additionalinports": [
                    {
                        "name": "input2",
                        "type": "message"
                    }
                ]
            }
        },
        "runhanasql3": {
            "component": "com.sap.hana.runSQL",
            "metadata": {
                "label": "Block SQL",
                "x": 1399.9999923706055,
                "y": 100.99999952316284,
                "height": 80,
                "width": 120,
                "config": {
                    "connection": {
                        "configurationType": "Configuration Manager",
                        "connectionID": "HANA_CLOUD_REPLICATION"
                    }
                }
            }
        },
        "runhanasql4": {
            "component": "com.sap.hana.runSQL",
            "metadata": {
                "label": "Select SQL",
                "x": 1769.9999904632568,
                "y": 100.49999952316284,
                "height": 80,
                "width": 120,
                "config": {
                    "connection": {
                        "configurationType": "Configuration Manager",
                        "connectionID": "HANA_CLOUD_REPLICATION"
                    }
                }
            }
        },
        "writefile1": {
            "component": "com.sap.file.write",
            "metadata": {
                "label": "Write File",
                "x": 257.99999809265137,
                "y": 86.49999976158142,
                "height": 80,
                "width": 120,
                "config": {
                    "pathMode": "Static with placeholders",
                    "connection": {
                        "configurationType": "Connection Management",
                        "connectionID": "S3_THH"
                    },
                    "path": "/replication2/<header:table_name>/<header:table_name>_<header:timestamp_suffix>.json",
                    "mode": "Append",
                    "joinBatches": false
                }
            }
        },
        "runhanasql5": {
            "component": "com.sap.hana.runSQL",
            "metadata": {
                "label": "Run HANA SQL",
                "x": 627.9999961853027,
                "y": 86.49999976158142,
                "height": 80,
                "width": 120,
                "config": {
                    "connection": {
                        "configurationType": "Configuration Manager",
                        "connectionID": "HANA_CLOUD_REPLICATION"
                    }
                }
            }
        },
        "21multiplexer1": {
            "component": "com.sap.system.multiplexer.2-1",
            "metadata": {
                "label": "2:1 Multiplexer",
                "x": 828.9999952316284,
                "y": 160.99999952316284,
                "height": 80,
                "width": 120,
                "extensible": true,
                "config": {}
            }
        },
        "readhanatable1": {
            "component": "com.sap.hana.readTable",
            "metadata": {
                "label": "Read HANA Table",
                "x": 828.9999952316284,
                "y": 40.99999952316284,
                "height": 80,
                "width": 120,
                "config": {
                    "configMode": "Static (from configuration)",
                    "tableName": "REPLICATION.TABLE_REPOS_BASIC",
                    "connection": {
                        "configurationType": "Configuration Manager",
                        "connectionID": "HANA_CLOUD_REPLICATION"
                    }
                }
            }
        },
        "tableconverter2": {
            "component": "di_replication.table_converter",
            "metadata": {
                "label": "table converter",
                "x": 72.99999904632568,
                "y": 100.49999952316284,
                "height": 80,
                "width": 120,
                "extensible": true,
                "config": {
                    "drop_columns": "DIREPL_STATUS, DIREPL_PID"
                }
            }
        },
        "dispatchtables2": {
            "component": "di_replication.dispatch_tables",
            "metadata": {
                "label": "Dispatch Tables",
                "x": 1029.999994277954,
                "y": 100.99999952316284,
                "height": 80,
                "width": 120,
                "extensible": true,
                "config": {
                    "mode": "C"
                }
            }
        },
        "block1": {
            "component": "di_replication.block",
            "metadata": {
                "label": "Block",
                "x": 1215,
                "y": 40.99999952316284,
                "height": 80,
                "width": 120,
                "extensible": true,
                "config": {
                    "package_size": 10
                }
            }
        },
        "complete1": {
            "component": "di_replication.complete",
            "metadata": {
                "label": "Complete",
                "x": 442.99999713897705,
                "y": 86.49999976158142,
                "height": 80,
                "width": 120,
                "extensible": true,
                "config": {}
            }
        },
        "select1": {
            "component": "di_replication.selectdata",
            "metadata": {
                "label": "Select",
                "x": 1584.9999914169312,
                "y": 100.99999952316284,
                "height": 80,
                "width": 120,
                "extensible": true,
                "config": {}
            }
        }
    },
    "groups": [],
    "connections": [
        {
            "metadata": {
                "points": "751.9999961853027,117.49999976158142 795.9999957084656,117.49999976158142 795.9999957084656,191.99999952316284 823.9999952316284,191.99999952316284"
            },
            "src": {
                "port": "success",
                "process": "runhanasql5"
            },
            "tgt": {
                "port": "in1",
                "process": "21multiplexer1"
            }
        },
        {
            "metadata": {
                "points": "196.99999904632568,140.49999952316284 224.99999856948853,140.49999952316284 224.99999856948853,126.49999976158142 252.99999809265137,126.49999976158142"
            },
            "src": {
                "port": "output",
                "process": "tableconverter2"
            },
            "tgt": {
                "port": "file",
                "process": "writefile1"
            }
        },
        {
            "metadata": {
                "points": "196.99999904632568,158.49999952316284 224.99999856948853,158.49999952316284 224.99999856948853,194.49999928474426 779.9999957084656,194.49999928474426 779.9999957084656,209.99999952316284 823.9999952316284,209.99999952316284"
            },
            "src": {
                "port": "error",
                "process": "tableconverter2"
            },
            "tgt": {
                "port": "in2",
                "process": "21multiplexer1"
            }
        },
        {
            "metadata": {
                "points": "1893.9999904632568,131.49999952316284 1921.9999899864197,131.49999952316284 1921.9999899864197,72.5 1736.999990940094,72.5 1736.999990940094,72 1366.9999928474426,72 1366.9999928474426,12 1181.999993801117,12 1181.999993801117,72 996.9999947547913,72 996.9999947547913,12 779.9999957084656,12 779.9999957084656,57.50000023841858 224.99999856948853,57.50000023841858 224.99999856948853,72.5 12,72.5 12,140.49999952316284 67.99999904632568,140.49999952316284"
            },
            "src": {
                "port": "success",
                "process": "runhanasql4"
            },
            "tgt": {
                "port": "data",
                "process": "tableconverter2"
            }
        },
        {
            "metadata": {
                "points": "952.9999952316284,71.99999952316284 980.9999947547913,71.99999952316284 980.9999947547913,131.99999952316284 1024.999994277954,131.99999952316284"
            },
            "src": {
                "port": "success",
                "process": "readhanatable1"
            },
            "tgt": {
                "port": "tables",
                "process": "dispatchtables2"
            }
        },
        {
            "metadata": {
                "points": "952.9999952316284,200.99999952316284 980.9999947547913,200.99999952316284 980.9999947547913,149.99999952316284 1024.999994277954,149.99999952316284"
            },
            "src": {
                "port": "out1",
                "process": "21multiplexer1"
            },
            "tgt": {
                "port": "trigger",
                "process": "dispatchtables2"
            }
        },
        {
            "metadata": {
                "points": "1153.999994277954,158.99999952316284 1181.999993801117,158.99999952316284 1181.999993801117,209.99999952316284 1209.9999933242798,209.99999952316284"
            },
            "src": {
                "port": "limit",
                "process": "dispatchtables2"
            },
            "tgt": {
                "port": "input2",
                "process": "graphterminator1"
            }
        },
        {
            "metadata": {
                "points": "1153.999994277954,140.99999952316284 1181.999993801117,140.99999952316284 1181.999993801117,80.99999952316284 1209.9999933242798,80.99999952316284"
            },
            "src": {
                "port": "trigger",
                "process": "dispatchtables2"
            },
            "tgt": {
                "port": "data",
                "process": "block1"
            }
        },
        {
            "metadata": {
                "points": "1338.9999933242798,89.99999952316284 1366.9999928474426,89.99999952316284 1366.9999928474426,140.99999952316284 1394.9999923706055,140.99999952316284"
            },
            "src": {
                "port": "msg",
                "process": "block1"
            },
            "tgt": {
                "port": "input",
                "process": "runhanasql3"
            }
        },
        {
            "metadata": {
                "points": "381.99999809265137,117.49999976158142 409.9999976158142,117.49999976158142 409.9999976158142,126.49999976158142 437.99999713897705,126.49999976158142"
            },
            "src": {
                "port": "file",
                "process": "writefile1"
            },
            "tgt": {
                "port": "data",
                "process": "complete1"
            }
        },
        {
            "metadata": {
                "points": "566.999997138977,135.49999976158142 594.9999966621399,135.49999976158142 594.9999966621399,126.49999976158142 622.9999961853027,126.49999976158142"
            },
            "src": {
                "port": "msg",
                "process": "complete1"
            },
            "tgt": {
                "port": "input",
                "process": "runhanasql5"
            }
        },
        {
            "metadata": {
                "points": "1523.9999923706055,131.99999952316284 1551.9999918937683,131.99999952316284 1551.9999918937683,140.99999952316284 1579.9999914169312,140.99999952316284"
            },
            "src": {
                "port": "success",
                "process": "runhanasql3"
            },
            "tgt": {
                "port": "trigger",
                "process": "select1"
            }
        },
        {
            "metadata": {
                "points": "1708.9999914169312,149.99999952316284 1736.999990940094,149.99999952316284 1736.999990940094,140.49999952316284 1764.9999904632568,140.49999952316284"
            },
            "src": {
                "port": "msg",
                "process": "select1"
            },
            "tgt": {
                "port": "input",
                "process": "runhanasql4"
            }
        }
    ],
    "inports": {},
    "outports": {}
}