{
    "properties": {},
    "description": "Insert Test Tables",
    "processes": {
        "readhanatable1": {
            "component": "com.sap.hana.readTable",
            "metadata": {
                "label": "Table Repository Tables",
                "x": 17,
                "y": 146.49999976158142,
                "height": 80,
                "width": 120,
                "config": {
                    "connection": {
                        "configurationType": "Configuration Manager",
                        "connectionID": "HANA_TH"
                    },
                    "configMode": "Static (from configuration)",
                    "tableName": "REPLICATION.TEST_TABLES_REPOS"
                }
            }
        },
        "wiretap1": {
            "component": "com.sap.util.wiretap",
            "metadata": {
                "label": "Wiretap",
                "x": 587.999997138977,
                "y": 72,
                "height": 80,
                "width": 120,
                "ui": "dynpath",
                "config": {}
            }
        },
        "graphterminator1": {
            "component": "com.sap.util.graphTerminator",
            "metadata": {
                "label": "Graph Terminator",
                "x": 402.99999809265137,
                "y": 252,
                "height": 80,
                "width": 120,
                "config": {}
            }
        },
        "dispatchtables1": {
            "component": "sdi_replication.repl_dispatch_tables",
            "metadata": {
                "label": "Dispatch Tables",
                "x": 201.99999904632568,
                "y": 132.5,
                "height": 80,
                "width": 120,
                "extensible": true,
                "config": {
                    "debug_mode": true,
                    "count_all_roundtrips": true
                }
            }
        },
        "21multiplexer1": {
            "component": "com.sap.system.multiplexer.2-1",
            "metadata": {
                "label": "2:1 Multiplexer",
                "x": 402.99999809265137,
                "y": 12,
                "height": 80,
                "width": 120,
                "extensible": true,
                "config": {}
            }
        },
        "maxindextesttables1": {
            "component": "sdi_replication.repl_max_index_test_table",
            "metadata": {
                "label": "Max Index Test Tables",
                "x": 402.99999809265137,
                "y": 132,
                "height": 80,
                "width": 120,
                "extensible": true,
                "config": {}
            }
        },
        "runhanasql2": {
            "component": "com.sap.hana.runSQL",
            "metadata": {
                "label": "Run HANA SQL",
                "x": 587.999997138977,
                "y": 192,
                "height": 80,
                "width": 120,
                "config": {
                    "connection": {
                        "configurationType": "Configuration Manager",
                        "connectionID": "HANA_TH"
                    }
                }
            }
        },
        "writehanatable1": {
            "component": "com.sap.hana.writeTable",
            "metadata": {
                "label": "Write HANA Table",
                "x": 957.9999952316284,
                "y": 132.5,
                "height": 80,
                "width": 120,
                "config": {
                    "connection": {
                        "configurationType": "Configuration Manager",
                        "connectionID": "HANA_TH"
                    }
                }
            }
        },
        "inserttesttables1": {
            "component": "sdi_replication.repl_insert_test_tables",
            "metadata": {
                "label": "Insert Test Tables",
                "x": 772.9999961853027,
                "y": 132,
                "height": 80,
                "width": 120,
                "extensible": true,
                "config": {
                    "num_inserts": 11
                }
            }
        }
    },
    "groups": [],
    "connections": [
        {
            "metadata": {
                "points": "141,177.49999976158142 168.99999952316284,177.49999976158142 168.99999952316284,163.5 196.99999904632568,163.5"
            },
            "src": {
                "port": "success",
                "process": "readhanatable1"
            },
            "tgt": {
                "port": "tables",
                "process": "dispatchtables1"
            }
        },
        {
            "metadata": {
                "points": "325.9999990463257,190.5 369.9999985694885,190.5 369.9999985694885,292 397.99999809265137,292"
            },
            "src": {
                "port": "limit",
                "process": "dispatchtables1"
            },
            "tgt": {
                "port": "stop",
                "process": "graphterminator1"
            }
        },
        {
            "metadata": {
                "points": "526.9999980926514,52 554.9999976158142,52 554.9999976158142,112 582.999997138977,112"
            },
            "src": {
                "port": "out1",
                "process": "21multiplexer1"
            },
            "tgt": {
                "port": "in",
                "process": "wiretap1"
            }
        },
        {
            "metadata": {
                "points": "325.9999990463257,154.5 353.9999985694885,154.5 353.9999985694885,43 397.99999809265137,43"
            },
            "src": {
                "port": "log",
                "process": "dispatchtables1"
            },
            "tgt": {
                "port": "in1",
                "process": "21multiplexer1"
            }
        },
        {
            "metadata": {
                "points": "325.9999990463257,172.5 353.9999985694885,172.5 353.9999985694885,172 397.99999809265137,172"
            },
            "src": {
                "port": "trigger",
                "process": "dispatchtables1"
            },
            "tgt": {
                "port": "data",
                "process": "maxindextesttables1"
            }
        },
        {
            "metadata": {
                "points": "526.9999980926514,181 554.9999976158142,181 554.9999976158142,232 582.999997138977,232"
            },
            "src": {
                "port": "sql",
                "process": "maxindextesttables1"
            },
            "tgt": {
                "port": "input",
                "process": "runhanasql2"
            }
        },
        {
            "metadata": {
                "points": "711.999997138977,223 739.9999966621399,223 739.9999966621399,172 767.9999961853027,172"
            },
            "src": {
                "port": "success",
                "process": "runhanasql2"
            },
            "tgt": {
                "port": "data",
                "process": "inserttesttables1"
            }
        },
        {
            "metadata": {
                "points": "896.9999961853027,181 924.9999957084656,181 924.9999957084656,172.5 952.9999952316284,172.5"
            },
            "src": {
                "port": "data",
                "process": "inserttesttables1"
            },
            "tgt": {
                "port": "input",
                "process": "writehanatable1"
            }
        },
        {
            "metadata": {
                "points": "1081.9999952316284,163.5 1109.9999947547913,163.5 1109.9999947547913,240.49999952316284 924.9999957084656,240.49999952316284 924.9999957084656,239.99999952316284 739.9999966621399,239.99999952316284 739.9999966621399,299.99999952316284 554.9999976158142,299.99999952316284 554.9999976158142,359.99999952316284 353.9999985694885,359.99999952316284 353.9999985694885,240.49999952316284 168.99999952316284,240.49999952316284 168.99999952316284,181.5 196.99999904632568,181.5"
            },
            "src": {
                "port": "success",
                "process": "writehanatable1"
            },
            "tgt": {
                "port": "trigger",
                "process": "dispatchtables1"
            }
        }
    ],
    "inports": {},
    "outports": {}
}