{
    "description": "Get Checksum Column",
    "component": "com.sap.system.python3Operator",
    "versionStatus": "active",
    "inports": [
        {
            "name": "data",
            "type": "message.file"
        }
    ],
    "outports": [
        {
            "name": "log",
            "type": "string"
        },
        {
            "name": "msg",
            "type": "message"
        }
    ],
    "iconsrc": "repl_get_checksum_col.svg",
    "config": {
        "$type": "http://sap.com/vflow/sdi_replication.repl_get_checksum_col.configSchema.json",
        "replication_repos": "REPLICATION.TABLE_REPOSITORY",
        "script": "file://repl_get_checksum_col.py",
        "scriptReference": "repl_get_checksum_col.py"
    }
}