{
    "$schema": "http://json-schema.org/draft-06/schema#",
    "$id": "http://sap.com/vflow/di_replication.repl_dispatch_tables.configSchema.json",
    "type": "object",
    "properties": {
        "codelanguage": {
            "type": "string"
        },
        "script": {
            "type": "string"
        },
        "debug_mode": {
            "title": "Debug mode",
            "description": "Sending debug level information to log port",
            "type": "boolean"
        },
        "stop_no_changes": {
            "title": "Stops on no changes",
            "description": "Stops when no changes.",
            "type": "boolean"
        }
    }
}