{
    "properties": {},
    "description": "Insert Replication",
    "processes": {
        "wiretap1": {
            "component": "com.sap.util.wiretap",
            "metadata": {
                "label": "Wiretap",
                "x": 2098.9999895095825,
                "y": 140.99999976158142,
                "height": 80,
                "width": 120,
                "ui": "dynpath",
                "config": {}
            }
        },
        "101multiplexer1": {
            "component": "com.sap.system.multiplexer.10-1",
            "metadata": {
                "label": "10:1 Multiplexer",
                "x": 1897.9999904632568,
                "y": 39.99999952316284,
                "height": 190,
                "width": 120,
                "extensible": true,
                "config": {}
            }
        },
        "graphterminator1": {
            "component": "com.sap.util.graphTerminator",
            "metadata": {
                "label": "Graph Terminator",
                "x": 1246.9999933242798,
                "y": 209.49999976158142,
                "height": 80,
                "width": 120,
                "config": {}
            }
        },
        "runhanasql3": {
            "component": "com.sap.hana.runSQL",
            "metadata": {
                "label": "Block SQL",
                "x": 1447.9999923706055,
                "y": 157.99999976158142,
                "height": 80,
                "width": 120,
                "config": {
                    "connection": {
                        "configurationType": "Configuration Manager",
                        "connectionID": "HANA_TH"
                    }
                }
            }
        },
        "replselect1": {
            "component": "sdi_replication.repl_select",
            "metadata": {
                "label": "Repl. Select",
                "x": 1632.9999914169312,
                "y": 157.99999976158142,
                "height": 80,
                "width": 120,
                "extensible": true,
                "config": {
                    "debug_mode": true
                }
            }
        },
        "runhanasql4": {
            "component": "com.sap.hana.runSQL",
            "metadata": {
                "label": "Select SQL",
                "x": 1897.9999904632568,
                "y": 269.99999952316284,
                "height": 80,
                "width": 120,
                "config": {
                    "connection": {
                        "configurationType": "Configuration Manager",
                        "connectionID": "HANA_TH"
                    }
                }
            }
        },
        "writefile1": {
            "component": "com.sap.file.write",
            "metadata": {
                "label": "Write File",
                "x": 257.99999809265137,
                "y": 140.99999976158142,
                "height": 80,
                "width": 120,
                "config": {
                    "pathMode": "Static with placeholders",
                    "connection": {
                        "configurationType": "Connection Management",
                        "connectionID": "S3_THH"
                    },
                    "path": "/replication/<header:schema_name>/<header:table_name>/<header:table_name>.csv",
                    "mode": "Append",
                    "joinBatches": false
                }
            }
        },
        "replcomplete1": {
            "component": "sdi_replication.repl_complete",
            "metadata": {
                "label": "Repl. Complete",
                "x": 442.99999713897705,
                "y": 140.99999976158142,
                "height": 80,
                "width": 120,
                "extensible": true,
                "config": {
                    "debug_mode": true
                }
            }
        },
        "runhanasql5": {
            "component": "com.sap.hana.runSQL",
            "metadata": {
                "label": "Run HANA SQL",
                "x": 643.9999961853027,
                "y": 132.49999976158142,
                "height": 80,
                "width": 120,
                "config": {
                    "connection": {
                        "configurationType": "Configuration Manager",
                        "connectionID": "HANA_TH"
                    }
                }
            }
        },
        "21multiplexer1": {
            "component": "com.sap.system.multiplexer.2-1",
            "metadata": {
                "label": "2:1 Multiplexer",
                "x": 828.9999952316284,
                "y": 200.99999976158142,
                "height": 80,
                "width": 120,
                "extensible": true,
                "config": {}
            }
        },
        "readhanatable1": {
            "component": "com.sap.hana.readTable",
            "metadata": {
                "label": "Read HANA Table",
                "x": 828.9999952316284,
                "y": 80.99999976158142,
                "height": 80,
                "width": 120,
                "config": {
                    "configMode": "Static (from configuration)",
                    "tableName": "REPLICATION.TEST_TABLES_REPOS",
                    "connection": {
                        "configurationType": "Configuration Manager",
                        "connectionID": "HANA_TH"
                    }
                }
            }
        },
        "tabletocsv1": {
            "component": "sdi_replication.repl_table_csv",
            "metadata": {
                "label": "table to csv",
                "x": 72.99999904632568,
                "y": 154.99999952316284,
                "height": 80,
                "width": 120,
                "extensible": true,
                "config": {
                    "drop_columns": "DIREPL_STATUS, DIREPL_PACKAGEID, DIREPL_PID",
                    "debug_mode": true,
                    "drop_header": true
                }
            }
        },
        "replblock1": {
            "component": "sdi_replication.repl_block",
            "metadata": {
                "label": "Repl. Block",
                "x": 1246.9999933242798,
                "y": 89.49999976158142,
                "height": 80,
                "width": 120,
                "extensible": true,
                "config": {
                    "change_types": "I",
                    "debug_mode": true
                }
            }
        },
        "dispatchtables1": {
            "component": "sdi_replication.repl_dispatch_tables",
            "metadata": {
                "label": "Dispatch Tables",
                "x": 1029.999994277954,
                "y": 140.99999976158142,
                "height": 80,
                "width": 120,
                "extensible": true,
                "config": {
                    "count_all_roundtrips": true,
                    "debug_mode": true
                }
            }
        }
    },
    "groups": [],
    "connections": [
        {
            "metadata": {
                "points": "2021.9999904632568,134.99999952316284 2049.9999899864197,134.99999952316284 2049.9999899864197,180.99999976158142 2093.9999895095825,180.99999976158142"
            },
            "src": {
                "port": "out1",
                "process": "101multiplexer1"
            },
            "tgt": {
                "port": "in",
                "process": "wiretap1"
            }
        },
        {
            "metadata": {
                "points": "1571.9999923706055,188.99999976158142 1599.9999918937683,188.99999976158142 1599.9999918937683,197.99999976158142 1627.9999914169312,197.99999976158142"
            },
            "src": {
                "port": "success",
                "process": "runhanasql3"
            },
            "tgt": {
                "port": "trigger",
                "process": "replselect1"
            }
        },
        {
            "metadata": {
                "points": "1756.9999914169312,206.99999976158142 1864.999990940094,206.99999976158142 1864.999990940094,309.99999952316284 1892.9999904632568,309.99999952316284"
            },
            "src": {
                "port": "msg",
                "process": "replselect1"
            },
            "tgt": {
                "port": "input",
                "process": "runhanasql4"
            }
        },
        {
            "metadata": {
                "points": "1756.9999914169312,188.99999976158142 1832.999990940094,188.99999976158142 1832.999990940094,107.99999952316284 1892.9999904632568,107.99999952316284"
            },
            "src": {
                "port": "log",
                "process": "replselect1"
            },
            "tgt": {
                "port": "in4",
                "process": "101multiplexer1"
            }
        },
        {
            "metadata": {
                "points": "566.999997138977,189.99999976158142 610.9999966621399,189.99999976158142 610.9999966621399,172.49999976158142 638.9999961853027,172.49999976158142"
            },
            "src": {
                "port": "msg",
                "process": "replcomplete1"
            },
            "tgt": {
                "port": "input",
                "process": "runhanasql5"
            }
        },
        {
            "metadata": {
                "points": "566.999997138977,171.99999976158142 594.9999966621399,171.99999976158142 594.9999966621399,257.49999928474426 795.9999957084656,257.49999928474426 795.9999957084656,308.99999928474426 980.9999947547913,308.99999928474426 980.9999947547913,248.99999928474426 1181.999993801117,248.99999928474426 1181.999993801117,317.49999928474426 1398.9999928474426,317.49999928474426 1398.9999928474426,265.99999928474426 1848.999990940094,265.99999928474426 1848.999990940094,143.99999952316284 1892.9999904632568,143.99999952316284"
            },
            "src": {
                "port": "log",
                "process": "replcomplete1"
            },
            "tgt": {
                "port": "in6",
                "process": "101multiplexer1"
            }
        },
        {
            "metadata": {
                "points": "381.99999809265137,171.99999976158142 409.9999976158142,171.99999976158142 409.9999976158142,180.99999976158142 437.99999713897705,180.99999976158142"
            },
            "src": {
                "port": "file",
                "process": "writefile1"
            },
            "tgt": {
                "port": "data",
                "process": "replcomplete1"
            }
        },
        {
            "metadata": {
                "points": "196.99999904632568,194.99999952316284 224.99999856948853,194.99999952316284 224.99999856948853,180.99999976158142 252.99999809265137,180.99999976158142"
            },
            "src": {
                "port": "csv",
                "process": "tabletocsv1"
            },
            "tgt": {
                "port": "file",
                "process": "writefile1"
            }
        },
        {
            "metadata": {
                "points": "196.99999904632568,212.99999952316284 224.99999856948853,212.99999952316284 224.99999856948853,248.99999928474426 610.9999966621399,248.99999928474426 610.9999966621399,240.49999928474426 795.9999957084656,240.49999928474426 795.9999957084656,249.99999976158142 823.9999952316284,249.99999976158142"
            },
            "src": {
                "port": "error",
                "process": "tabletocsv1"
            },
            "tgt": {
                "port": "in2",
                "process": "21multiplexer1"
            }
        },
        {
            "metadata": {
                "points": "767.9999961853027,163.49999976158142 795.9999957084656,163.49999976158142 795.9999957084656,231.99999976158142 823.9999952316284,231.99999976158142"
            },
            "src": {
                "port": "success",
                "process": "runhanasql5"
            },
            "tgt": {
                "port": "in1",
                "process": "21multiplexer1"
            }
        },
        {
            "metadata": {
                "points": "2021.9999904632568,300.99999952316284 2065.9999899864197,300.99999952316284 2065.9999899864197,12 1784.999990940094,12 1784.999990940094,95.00000023841858 1414.9999928474426,95.00000023841858 1414.9999928474426,43.50000023841858 1181.999993801117,43.50000023841858 1181.999993801117,112.00000023841858 996.9999947547913,112.00000023841858 996.9999947547913,52.00000023841858 795.9999957084656,52.00000023841858 795.9999957084656,103.50000023841858 594.9999966621399,103.50000023841858 594.9999966621399,112.00000023841858 224.99999856948853,112.00000023841858 224.99999856948853,127 12,127 12,194.99999952316284 67.99999904632568,194.99999952316284"
            },
            "src": {
                "port": "success",
                "process": "runhanasql4"
            },
            "tgt": {
                "port": "data",
                "process": "tabletocsv1"
            }
        },
        {
            "metadata": {
                "points": "1370.9999933242798,138.49999976158142 1398.9999928474426,138.49999976158142 1398.9999928474426,197.99999976158142 1442.9999923706055,197.99999976158142"
            },
            "src": {
                "port": "msg",
                "process": "replblock1"
            },
            "tgt": {
                "port": "input",
                "process": "runhanasql3"
            }
        },
        {
            "metadata": {
                "points": "1370.9999933242798,120.49999976158142 1398.9999928474426,120.49999976158142 1398.9999928474426,129.00000023841858 1816.999990940094,129.00000023841858 1816.999990940094,89.99999952316284 1892.9999904632568,89.99999952316284"
            },
            "src": {
                "port": "log",
                "process": "replblock1"
            },
            "tgt": {
                "port": "in3",
                "process": "101multiplexer1"
            }
        },
        {
            "metadata": {
                "points": "952.9999952316284,111.99999976158142 980.9999947547913,111.99999976158142 980.9999947547913,171.99999976158142 1024.999994277954,171.99999976158142"
            },
            "src": {
                "port": "success",
                "process": "readhanatable1"
            },
            "tgt": {
                "port": "tables",
                "process": "dispatchtables1"
            }
        },
        {
            "metadata": {
                "points": "952.9999952316284,240.99999976158142 980.9999947547913,240.99999976158142 980.9999947547913,189.99999976158142 1024.999994277954,189.99999976158142"
            },
            "src": {
                "port": "out1",
                "process": "21multiplexer1"
            },
            "tgt": {
                "port": "trigger",
                "process": "dispatchtables1"
            }
        },
        {
            "metadata": {
                "points": "1153.999994277954,162.99999976158142 1197.999993801117,162.99999976158142 1197.999993801117,60.50000023841858 1398.9999928474426,60.50000023841858 1398.9999928474426,112.00000023841858 1800.999990940094,112.00000023841858 1800.999990940094,53.99999952316284 1892.9999904632568,53.99999952316284"
            },
            "src": {
                "port": "log",
                "process": "dispatchtables1"
            },
            "tgt": {
                "port": "in1",
                "process": "101multiplexer1"
            }
        },
        {
            "metadata": {
                "points": "1153.999994277954,180.99999976158142 1198,181 1198,129.5 1241.9999933242798,129.49999976158142"
            },
            "src": {
                "port": "trigger",
                "process": "dispatchtables1"
            },
            "tgt": {
                "port": "data",
                "process": "replblock1"
            }
        },
        {
            "metadata": {
                "points": "1153.999994277954,198.99999976158142 1198,199 1198,249.5 1241.9999933242798,249.49999976158142"
            },
            "src": {
                "port": "limit",
                "process": "dispatchtables1"
            },
            "tgt": {
                "port": "stop",
                "process": "graphterminator1"
            }
        }
    ],
    "inports": {},
    "outports": {}
}