{
    "properties": {},
    "icon": "download",
    "description": "Replication",
    "processes": {
        "graphterminator1": {
            "component": "com.sap.util.graphTerminator",
            "metadata": {
                "label": "Graph Terminator",
                "x": 1125.999994277954,
                "y": 194.99999952316284,
                "height": 80,
                "width": 120,
                "config": {}
            }
        },
        "runhanasql3": {
            "component": "com.sap.hana.runSQL",
            "metadata": {
                "label": "Block SQL",
                "x": 1342.9999933242798,
                "y": 143.49999952316284,
                "height": 80,
                "width": 120,
                "config": {
                    "connection": {
                        "configurationType": "Configuration Manager",
                        "connectionID": "HANAC_Replication"
                    },
                    "decimalOutputFormat": "Floating-point"
                }
            }
        },
        "writefile1": {
            "component": "com.sap.file.write",
            "metadata": {
                "label": "Write File",
                "x": 273.99999809265137,
                "y": 109.49999952316284,
                "height": 80,
                "width": 120,
                "config": {
                    "pathMode": "Static with placeholders",
                    "connection": {
                        "configurationType": "Connection Management",
                        "connectionID": "DIREPLICATION"
                    },
                    "path": "p1/<header:table_name>/<header:table_name>_<date>_<header:pid>.json",
                    "mode": "Create only",
                    "joinBatches": false
                }
            }
        },
        "runhanasql5": {
            "component": "com.sap.hana.runSQL",
            "metadata": {
                "label": "Run HANA SQL",
                "x": 675.9999961853027,
                "y": 177.99999952316284,
                "height": 80,
                "width": 120,
                "config": {
                    "connection": {
                        "configurationType": "Configuration Manager",
                        "connectionID": "HANAC_Replication"
                    },
                    "decimalOutputFormat": "Floating-point"
                }
            }
        },
        "readhanatable1": {
            "component": "com.sap.hana.readTable",
            "metadata": {
                "label": "Read HANA Table",
                "x": 675.9999961853027,
                "y": 57.99999952316284,
                "height": 80,
                "width": 120,
                "config": {
                    "configMode": "Static (from configuration)",
                    "tableName": "${Repository}",
                    "connection": {
                        "configurationType": "Configuration Manager",
                        "connectionID": "HANAC_Replication"
                    },
                    "decimalOutputFormat": "Floating-point"
                }
            }
        },
        "wiretap1": {
            "component": "com.sap.util.wiretap",
            "metadata": {
                "label": "Wiretap",
                "x": 1961.9999904632568,
                "y": 117.99999952316284,
                "height": 80,
                "width": 120,
                "ui": "dynpath",
                "config": {}
            }
        },
        "51multiplexer1": {
            "component": "com.sap.system.multiplexer.5-1",
            "metadata": {
                "label": "5:1 Multiplexer",
                "x": 1776.9999914169312,
                "y": 33.99999976158142,
                "height": 100,
                "width": 120,
                "extensible": true,
                "config": {}
            }
        },
        "runhanasql1": {
            "component": "com.sap.hana.runSQL",
            "metadata": {
                "label": "Run HANA SQL",
                "x": 1776.9999914169312,
                "y": 173.99999976158142,
                "height": 80,
                "width": 120,
                "config": {
                    "connection": {
                        "configurationType": "Configuration Manager",
                        "connectionID": "HANAC_Replication"
                    },
                    "decimalOutputFormat": "Floating-point"
                }
            }
        },
        "dispatchtables1": {
            "component": "di_replication.dispatch_tables",
            "metadata": {
                "label": "Dispatch Tables",
                "x": 892.9999952316284,
                "y": 126.49999952316284,
                "height": 80,
                "width": 120,
                "extensible": true,
                "config": {}
            }
        },
        "checkdata1": {
            "component": "di_replication.checkdata",
            "metadata": {
                "label": "Checkdata",
                "x": 72.99999904632568,
                "y": 103.99999976158142,
                "height": 80,
                "width": 120,
                "extensible": true,
                "config": {}
            }
        },
        "complete1": {
            "component": "di_replication.complete",
            "metadata": {
                "label": "Complete",
                "x": 458.99999713897705,
                "y": 109.49999952316284,
                "height": 80,
                "width": 120,
                "extensible": true,
                "config": {}
            }
        },
        "block1": {
            "component": "di_replication.block",
            "metadata": {
                "label": "Block",
                "x": 1125.999994277954,
                "y": 74.99999952316284,
                "height": 80,
                "width": 120,
                "extensible": true,
                "config": {
                    "package_size": "20"
                }
            }
        },
        "select1": {
            "component": "di_replication.selectdata",
            "metadata": {
                "label": "Select",
                "x": 1527.9999923706055,
                "y": 143.49999952316284,
                "height": 80,
                "width": 120,
                "extensible": true,
                "config": {}
            }
        }
    },
    "groups": [],
    "connections": [
        {
            "metadata": {
                "points": "1900.9999914169312,83.99999976158142 1928.999990940094,83.99999976158142 1928.999990940094,157.99999952316284 1956.9999904632568,157.99999952316284"
            },
            "src": {
                "port": "out1",
                "process": "51multiplexer1"
            },
            "tgt": {
                "port": "in",
                "process": "wiretap1"
            }
        },
        {
            "metadata": {
                "points": "799.9999961853027,88.99999952316284 827.9999957084656,88.99999952316284 827.9999957084656,148.49999952316284 887.9999952316284,148.49999952316284"
            },
            "src": {
                "port": "success",
                "process": "readhanatable1"
            },
            "tgt": {
                "port": "tables",
                "process": "dispatchtables1"
            }
        },
        {
            "metadata": {
                "points": "799.9999961853027,208.99999952316284 827.9999957084656,208.99999952316284 827.9999957084656,166.49999952316284 887.9999952316284,166.49999952316284"
            },
            "src": {
                "port": "success",
                "process": "runhanasql5"
            },
            "tgt": {
                "port": "input",
                "process": "dispatchtables1"
            }
        },
        {
            "metadata": {
                "points": "1016.9999952316284,184.49999952316284 1060.9999947547913,184.49999952316284 1060.9999947547913,234.99999952316284 1120.999994277954,234.99999952316284"
            },
            "src": {
                "port": "limit",
                "process": "dispatchtables1"
            },
            "tgt": {
                "port": "stop",
                "process": "graphterminator1"
            }
        },
        {
            "metadata": {
                "points": "196.99999904632568,143.99999976158142 224.99999856948853,143.99999976158142 224.99999856948853,149.49999952316284 268.99999809265137,149.49999952316284"
            },
            "src": {
                "port": "output",
                "process": "checkdata1"
            },
            "tgt": {
                "port": "file",
                "process": "writefile1"
            }
        },
        {
            "metadata": {
                "points": "1900.9999914169312,204.99999976158142 1928.999990940094,204.99999976158142 1928.999990940094,281.99999928474426 1679.9999918937683,281.99999928474426 1679.9999918937683,251.49999904632568 1277.999993801117,251.49999904632568 1277.999993801117,302.9999990463257 1044.9999947547913,302.9999990463257 1044.9999947547913,234.49999904632568 859.9999957084656,234.49999904632568 859.9999957084656,302.9999990463257 610.9999966621399,302.9999990463257 610.9999966621399,234.49999904632568 224.99999856948853,234.49999904632568 224.99999856948853,211.99999928474426 12,211.99999928474426 12,143.99999976158142 67.99999904632568,143.99999976158142"
            },
            "src": {
                "port": "success",
                "process": "runhanasql1"
            },
            "tgt": {
                "port": "input",
                "process": "checkdata1"
            }
        },
        {
            "metadata": {
                "points": "196.99999904632568,161.99999976158142 240.99999856948853,161.99999976158142 240.99999856948853,217.49999904632568 626.9999966621399,217.49999904632568 626.9999966621399,285.9999990463257 843.9999957084656,285.9999990463257 843.9999957084656,184.49999952316284 887.9999952316284,184.49999952316284"
            },
            "src": {
                "port": "nodata",
                "process": "checkdata1"
            },
            "tgt": {
                "port": "nodata",
                "process": "dispatchtables1"
            }
        },
        {
            "metadata": {
                "points": "1016.9999952316284,148.49999952316284 1076.9999947547913,148.49999952316284 1076.9999947547913,46 1277.999993801117,46 1277.999993801117,97.5 1695.9999918937683,97.5 1695.9999918937683,47.99999976158142 1771.9999914169312,47.99999976158142"
            },
            "src": {
                "port": "log",
                "process": "dispatchtables1"
            },
            "tgt": {
                "port": "in1",
                "process": "51multiplexer1"
            }
        },
        {
            "metadata": {
                "points": "397.99999809265137,140.49999952316284 425.9999976158142,140.49999952316284 425.9999976158142,149.49999952316284 453.99999713897705,149.49999952316284"
            },
            "src": {
                "port": "file",
                "process": "writefile1"
            },
            "tgt": {
                "port": "input",
                "process": "complete1"
            }
        },
        {
            "metadata": {
                "points": "582.999997138977,158.49999952316284 642.9999966621399,158.49999952316284 642.9999966621399,217.99999952316284 670.9999961853027,217.99999952316284"
            },
            "src": {
                "port": "output",
                "process": "complete1"
            },
            "tgt": {
                "port": "input",
                "process": "runhanasql5"
            }
        },
        {
            "metadata": {
                "points": "196.99999904632568,125.99999976158142 224.99999856948853,125.99999976158142 224.99999856948853,80.5 610.9999966621399,80.5 610.9999966621399,12 859.9999957084656,12 859.9999957084656,80.5 1044.9999947547913,80.5 1044.9999947547913,12 1309.999993801117,12 1309.999993801117,63.5 1711.9999918937683,63.5 1711.9999918937683,101.99999976158142 1771.9999914169312,101.99999976158142"
            },
            "src": {
                "port": "log",
                "process": "checkdata1"
            },
            "tgt": {
                "port": "in4",
                "process": "51multiplexer1"
            }
        },
        {
            "metadata": {
                "points": "582.999997138977,140.49999952316284 626.9999966621399,140.49999952316284 626.9999966621399,29 843.9999957084656,29 843.9999957084656,97.5 1060.9999947547913,97.5 1060.9999947547913,29 1293.999993801117,29 1293.999993801117,80.5 1679.9999918937683,80.5 1679.9999918937683,119.99999976158142 1771.9999914169312,119.99999976158142"
            },
            "src": {
                "port": "log",
                "process": "complete1"
            },
            "tgt": {
                "port": "in5",
                "process": "51multiplexer1"
            }
        },
        {
            "metadata": {
                "points": "1016.9999952316284,166.49999952316284 1092.9999947547913,166.49999952316284 1092.9999947547913,114.99999952316284 1120.999994277954,114.99999952316284"
            },
            "src": {
                "port": "output",
                "process": "dispatchtables1"
            },
            "tgt": {
                "port": "input",
                "process": "block1"
            }
        },
        {
            "metadata": {
                "points": "1249.999994277954,123.99999952316284 1277.999993801117,123.99999952316284 1277.999993801117,183.49999952316284 1337.9999933242798,183.49999952316284"
            },
            "src": {
                "port": "output",
                "process": "block1"
            },
            "tgt": {
                "port": "input",
                "process": "runhanasql3"
            }
        },
        {
            "metadata": {
                "points": "1466.9999933242798,174.49999952316284 1494.9999928474426,174.49999952316284 1494.9999928474426,183.49999952316284 1522.9999923706055,183.49999952316284"
            },
            "src": {
                "port": "success",
                "process": "runhanasql3"
            },
            "tgt": {
                "port": "input",
                "process": "select1"
            }
        },
        {
            "metadata": {
                "points": "1651.9999923706055,192.49999952316284 1679.9999918937683,192.49999952316284 1679.9999918937683,213.99999976158142 1771.9999914169312,213.99999976158142"
            },
            "src": {
                "port": "output",
                "process": "select1"
            },
            "tgt": {
                "port": "input",
                "process": "runhanasql1"
            }
        },
        {
            "metadata": {
                "points": "1249.999994277954,105.99999952316284 1277.999993801117,105.99999952316284 1277.999993801117,114.5 1727.9999918937683,114.5 1727.9999918937683,65.99999976158142 1771.9999914169312,65.99999976158142"
            },
            "src": {
                "port": "log",
                "process": "block1"
            },
            "tgt": {
                "port": "in2",
                "process": "51multiplexer1"
            }
        },
        {
            "metadata": {
                "points": "1651.9999923706055,174.49999952316284 1743.9999918937683,174.49999952316284 1743.9999918937683,83.99999976158142 1771.9999914169312,83.99999976158142"
            },
            "src": {
                "port": "log",
                "process": "select1"
            },
            "tgt": {
                "port": "in3",
                "process": "51multiplexer1"
            }
        }
    ],
    "inports": {},
    "outports": {}
}