{
    "description": "Dispatch Tables",
    "component": "com.sap.system.python3Operator",
    "inports": [
        {
            "name": "tables",
            "type": "message.table",
            "description": "List of tables"
        },
        {
            "name": "trigger",
            "type": "message.*",
            "description": "Trigger"
        }
    ],
    "outports": [
        {
            "name": "log",
            "type": "string",
            "description": "Logging data"
        },
        {
            "name": "trigger",
            "type": "message",
            "description": "trigger"
        },
        {
            "name": "limit",
            "type": "message",
            "description": "limit"
        }
    ],
    "config": {
        "$type": "http://sap.com/vflow/sdi_replication.repl_dispatch_tables.configSchema.json",
        "script": "file://repl_dispatch_tables.py",
        "debug_mode": true,
        "periodicity": 0,
        "round_trips_to_stop": 1,
        "count_all_roundtrips": false
    },
    "tags": {
        "sdi_utils": "",
        "pandas": ""
    },
    "iconsrc": "repl_dispatch_tables.svg"
}