{
    "description": "check_file",
    "component": "com.sap.system.python3Operator",
    "inports": [
        {
            "name": "data",
            "type": "message.file",
            "description": "Input message"
        }
    ],
    "outports": [
        {
            "name": "log",
            "type": "string",
            "description": "Logging data"
        },
        {
            "name": "csv",
            "type": "message.file",
            "description": "Output data as csv"
        }
    ],
    "config": {
        "$type": "http://sap.com/vflow/sdi_replication.repl_file_profile.configSchema.json",
        "script": "file://repl_file_profile.py",
        "debug_mode": true
    },
    "tags": {
        "sdi_utils": ""
    },
    "iconsrc": "repl_file_profile.svg"
}