{
    "description": "Checksum Column to Attributes",
    "component": "com.sap.system.python3Operator",
    "versionStatus": "active",
    "inports": [
        {
            "name": "data",
            "type": "message.table"
        }
    ],
    "outports": [
        {
            "name": "log",
            "type": "string"
        },
        {
            "name": "msg",
            "type": "message.*"
        }
    ],
    "iconsrc": "repl_checksum_col_attributes.svg",
    "config": {
        "$type": "http://sap.com/vflow/sdi_replication.repl_checksum_col_attributes.configSchema.json",
        "file_path_att": "P",
        "script": "file://repl_checksum_col_attributes.py",
        "scriptReference": "repl_checksum_col_attributes.py"
    }
}