{
    "description": "Gate",
    "component": "com.sap.system.python3Operator",
    "versionStatus": "active",
    "inports": [
        {
            "name": "input",
            "type": "message.*"
        }
    ],
    "outports": [
        {
            "name": "log",
            "type": "string"
        },
        {
            "name": "output",
            "type": "message"
        }
    ],
    "iconsrc": "gate.svg",
    "config": {
        "$type": "http://sap.com/vflow/di_replication.gate.configSchema.json",
        "script": "file://gate.py"
    }
}