{
    "description": "json to df",
    "component": "com.sap.system.python3Operator",
    "versionStatus": "active",
    "inports": [
        {
            "name": "stream",
            "type": "message.file"
        }
    ],
    "outports": [
        {
            "name": "log",
            "type": "string"
        },
        {
            "name": "data",
            "type": "message.DataFrame"
        }
    ],
    "iconsrc": "json_df.svg",
    "config": {
        "$type": "http://sap.com/vflow/di_replication.json_df.configSchema.json",
        "script": "file://json_df.py"
    }
}