{
    "description": "json to df",
    "component": "com.sap.system.python3Operator",
    "inports": [
        {
            "name": "stream",
            "type": "message.file",
            "description": "Input json byte or string"
        }
    ],
    "outports": [
        {
            "name": "log",
            "type": "string",
            "description": "Logging data"
        },
        {
            "name": "data",
            "type": "message.DataFrame",
            "description": "Output DataFrame"
        }
    ],
    "config": {
        "$type": "http://sap.com/vflow/di_replication.json_df.configSchema.json",
        "script": "file://json_df.py"
    },
    "tags": {},
    "iconsrc": "json_df.svg"
}