{
    "description": "Dispatch Merge Files",
    "component": "com.sap.system.python3Operator",
    "versionStatus": "active",
    "inports": [
        {
            "name": "target",
            "type": "message.file"
        },
        {
            "name": "init",
            "type": "message.file"
        },
        {
            "name": "next",
            "type": "message.*"
        }
    ],
    "outports": [
        {
            "name": "log",
            "type": "string"
        },
        {
            "name": "file",
            "type": "message.file"
        }
    ],
    "iconsrc": "repl_dispatch_update_files.svg",
    "config": {
        "$type": "http://sap.com/vflow/sdi_replication.repl_dispatch_merge_files.configSchema.json",
        "script": "file://repl_dispatch_update_files.py",
        "scriptReference": "repl_dispatch_update_files.py"
    }
}