{
    "description": "Select",
    "component": "com.sap.system.python3Operator",
    "inports": [
        {
            "name": "trigger",
            "type": "message.table",
            "description": "Input data"
        }
    ],
    "outports": [
        {
            "name": "log",
            "type": "string",
            "description": "Logging data"
        },
        {
            "name": "msg",
            "type": "message",
            "description": "message with sql statement"
        }
    ],
    "config": {
        "$type": "http://sap.com/vflow/di_replication.repl_select.configSchema.json",
        "script": "file://select.py"
    },
    "tags": {},
    "iconsrc": "select.svg"
}