{
    "description": "Read Top Row",
    "component": "com.sap.system.python3Operator",
    "versionStatus": "active",
    "inports": [
        {
            "name": "data",
            "type": "message"
        }
    ],
    "outports": [
        {
            "name": "log",
            "type": "string"
        },
        {
            "name": "msg",
            "type": "message"
        }
    ],
    "iconsrc": "repl_read_top_row.svg",
    "config": {
        "$type": "http://sap.com/vflow/sdi_replication.repl_read_top_row.configSchema.json",
        "script": "file://repl_read_top_row.py",
        "scriptReference": "repl_read_top_row.py"
    }
}