{
    "description": "Repl. Collect Files",
    "component": "com.sap.system.python3Operator",
    "inports": [
        {
            "name": "files",
            "type": "message.file",
            "description": "List of files"
        }
    ],
    "outports": [
        {
            "name": "log",
            "type": "string",
            "description": "Logging data"
        },
        {
            "name": "file",
            "type": "message.file",
            "description": "file"
        }
    ],
    "config": {
        "$type": "http://sap.com/vflow/di_replication.repl_collect_files.configSchema.json",
        "script": "file://repl_collect_files.py"
    },
    "tags": {},
    "iconsrc": "repl_collect_files.svg"
}