{
    "properties": {},
    "description": "Generate Test Tables",
    "processes": {
        "runhanasql1": {
            "component": "com.sap.hana.runSQL",
            "metadata": {
                "label": "Run HANA SQL",
                "x": 196.99999904632568,
                "y": 12,
                "height": 80,
                "width": 120,
                "config": {
                    "connection": {
                        "configurationType": "Configuration Manager",
                        "connectionID": "HANA_CLOUD_REPLICATION"
                    },
                    "configMode": "Dynamic (from input)",
                    "transactionLevel": "Per statement"
                }
            }
        },
        "writehanatable1": {
            "component": "com.sap.hana.writeTable",
            "metadata": {
                "label": "Write HANA Table",
                "x": 566.999997138977,
                "y": 12,
                "height": 80,
                "width": 120,
                "config": {
                    "connection": {
                        "configurationType": "Configuration Manager",
                        "connectionID": "HANA_CLOUD_REPLICATION"
                    }
                }
            }
        },
        "graphterminator1": {
            "component": "com.sap.util.graphTerminator",
            "metadata": {
                "label": "Graph Terminator",
                "x": 936.9999952316284,
                "y": 12,
                "height": 80,
                "width": 120,
                "config": {}
            }
        },
        "gate1": {
            "component": "di_replication.gate",
            "metadata": {
                "label": "Gate",
                "x": 751.9999961853027,
                "y": 12,
                "height": 80,
                "width": 120,
                "extensible": true,
                "config": {}
            }
        },
        "createtesttables1": {
            "component": "di_replication.create_test_tables",
            "metadata": {
                "label": "Create Test Tables",
                "x": 12,
                "y": 12,
                "height": 80,
                "width": 120,
                "extensible": true,
                "config": {
                    "base_tablename": "REPLICATION.TEST_TABLE",
                    "table_repos": "REPLICATION.TABLE_REPOS_BASIC",
                    "num_drop_tables": 6,
                    "num_new_tables": 5
                }
            }
        },
        "populatetesttables1": {
            "component": "di_replication.populate_test_tables",
            "metadata": {
                "label": "Populate Test Tables",
                "x": 381.99999809265137,
                "y": 12,
                "height": 80,
                "width": 120,
                "extensible": true,
                "config": {}
            }
        }
    },
    "groups": [],
    "connections": [
        {
            "metadata": {
                "points": "875.9999961853027,61 903.9999957084656,61 903.9999957084656,52 931.9999952316284,52"
            },
            "src": {
                "port": "data",
                "process": "gate1"
            },
            "tgt": {
                "port": "stop",
                "process": "graphterminator1"
            }
        },
        {
            "metadata": {
                "points": "690.999997138977,43 718.9999966621399,43 718.9999966621399,52 746.9999961853027,52"
            },
            "src": {
                "port": "success",
                "process": "writehanatable1"
            },
            "tgt": {
                "port": "data",
                "process": "gate1"
            }
        },
        {
            "metadata": {
                "points": "136,61 163.99999952316284,61 163.99999952316284,52 191.99999904632568,52"
            },
            "src": {
                "port": "sql",
                "process": "createtesttables1"
            },
            "tgt": {
                "port": "input",
                "process": "runhanasql1"
            }
        },
        {
            "metadata": {
                "points": "320.9999990463257,43 348.9999985694885,43 348.9999985694885,52 376.99999809265137,52"
            },
            "src": {
                "port": "success",
                "process": "runhanasql1"
            },
            "tgt": {
                "port": "data",
                "process": "populatetesttables1"
            }
        },
        {
            "metadata": {
                "points": "505.99999809265137,61 533.9999976158142,61 533.9999976158142,52 561.999997138977,52"
            },
            "src": {
                "port": "table",
                "process": "populatetesttables1"
            },
            "tgt": {
                "port": "input",
                "process": "writehanatable1"
            }
        }
    ],
    "inports": {},
    "outports": {}
}