{
    "description": "Update Files",
    "component": "com.sap.system.python3Operator",
    "versionStatus": "active",
    "inports": [
        {
            "name": "data",
            "type": "message.file"
        }
    ],
    "outports": [
        {
            "name": "log",
            "type": "string"
        },
        {
            "name": "csv",
            "type": "message.file"
        },
        {
            "name": "trigger",
            "type": "message.file"
        }
    ],
    "iconsrc": "repl_update_files.svg",
    "config": {
        "$type": "http://sap.com/vflow/sdi_replication.repl_update_files.configSchema.json",
        "debug_mode": false,
        "script": "file://repl_update_files.py",
        "scriptReference": "repl_update_files.py"
    },
    "tags": {
        "sdi_utils": ""
    }
}