{
    "description": "Repl. Dispatch Files",
    "component": "com.sap.system.python3Operator",
    "versionStatus": "active",
    "inports": [
        {
            "name": "files",
            "type": "message.file"
        },
        {
            "name": "trigger",
            "type": "message.*"
        }
    ],
    "outports": [
        {
            "name": "log",
            "type": "string"
        },
        {
            "name": "file",
            "type": "message.file"
        },
        {
            "name": "limit",
            "type": "message"
        }
    ],
    "iconsrc": "repl_dispatch_files.svg",
    "config": {
        "$type": "http://sap.com/vflow/sdi_replication.repl_dispatch_files.configSchema.json",
        "base_file_mandatory": false,
        "file_path_att": "P",
        "primary_key_file_mandatory": false,
        "script": "file://repl_dispatch_files.py",
        "scriptReference": "repl_dispatch_files.py",
        "update_files_mandatory": false
    }
}