{
    "description": "Repl. Collect Files",
    "component": "com.sap.system.python3Operator",
    "versionStatus": "active",
    "inports": [
        {
            "name": "files",
            "type": "message.file"
        }
    ],
    "outports": [
        {
            "name": "log",
            "type": "string"
        },
        {
            "name": "file",
            "type": "message.file"
        }
    ],
    "iconsrc": "repl_collect_files.svg",
    "config": {
        "$type": "http://sap.com/vflow/sdi_replication.repl_collect_files.configSchema.json",
        "script": "file://repl_collect_files.py",
        "scriptReference": "repl_collect_files.py"
    }
}