{
    "properties": {},
    "description": "Update Test Tables",
    "processes": {
        "readhanatable1": {
            "component": "com.sap.hana.readTable",
            "metadata": {
                "label": "Table Repository Tables",
                "x": 257.99999809265137,
                "y": 40.99999952316284,
                "height": 80,
                "width": 120,
                "config": {
                    "connection": {
                        "configurationType": "Configuration Manager",
                        "connectionID": "HANA_CLOUD_REPLICATION"
                    },
                    "configMode": "Static (from configuration)",
                    "tableName": "REPLICATION.TABLE_REPOS_BASIC"
                }
            }
        },
        "graphterminator1": {
            "component": "com.sap.util.graphTerminator",
            "metadata": {
                "label": "Graph Terminator",
                "x": 643.9999961853027,
                "y": 160.99999952316284,
                "height": 80,
                "width": 120,
                "config": {}
            }
        },
        "runhanasql2": {
            "component": "com.sap.hana.runSQL",
            "metadata": {
                "label": "Run HANA SQL",
                "x": 828.9999952316284,
                "y": 100.99999952316284,
                "height": 80,
                "width": 120,
                "config": {
                    "connection": {
                        "configurationType": "Configuration Manager",
                        "connectionID": "HANA_CLOUD_REPLICATION"
                    }
                }
            }
        },
        "writehanatable1": {
            "component": "com.sap.hana.writeTable",
            "metadata": {
                "label": "Write HANA Table",
                "x": 1198.9999933242798,
                "y": 100.49999952316284,
                "height": 80,
                "width": 120,
                "config": {
                    "connection": {
                        "configurationType": "Configuration Manager",
                        "connectionID": "HANA_CLOUD_REPLICATION"
                    }
                }
            }
        },
        "writehanatable2": {
            "component": "com.sap.hana.writeTable",
            "metadata": {
                "label": "Write HANA Table",
                "x": 257.99999809265137,
                "y": 160.99999952316284,
                "height": 80,
                "width": 120,
                "config": {
                    "connection": {
                        "configurationType": "Configuration Manager",
                        "connectionID": "HANA_CLOUD_REPLICATION"
                    },
                    "statementType": "UPSERT"
                }
            }
        },
        "inserttesttables2": {
            "component": "di_replication.insert_test_tables",
            "metadata": {
                "label": "Insert Test Tables",
                "x": 1013.9999942779541,
                "y": 100.99999952316284,
                "height": 80,
                "width": 120,
                "extensible": true,
                "config": {}
            }
        },
        "updatetesttables1": {
            "component": "di_replication.update_test_tables",
            "metadata": {
                "label": "Update Test Tables",
                "x": 72.99999904632568,
                "y": 100.49999952316284,
                "height": 80,
                "width": 120,
                "extensible": true,
                "config": {}
            }
        },
        "maxindextesttables1": {
            "component": "di_replication.max_index_test_table",
            "metadata": {
                "label": "Max Index Test Tables",
                "x": 643.9999961853027,
                "y": 40.99999952316284,
                "height": 80,
                "width": 120,
                "extensible": true,
                "config": {}
            }
        },
        "dispatchtables1": {
            "component": "di_replication.dispatch_tables",
            "metadata": {
                "label": "Dispatch Tables",
                "x": 458.99999713897705,
                "y": 100.99999952316284,
                "height": 80,
                "width": 120,
                "extensible": true,
                "config": {}
            }
        }
    },
    "groups": [],
    "connections": [
        {
            "metadata": {
                "points": "1137.999994277954,149.99999952316284 1165.999993801117,149.99999952316284 1165.999993801117,140.49999952316284 1193.9999933242798,140.49999952316284"
            },
            "src": {
                "port": "data",
                "process": "inserttesttables2"
            },
            "tgt": {
                "port": "input",
                "process": "writehanatable1"
            }
        },
        {
            "metadata": {
                "points": "952.9999952316284,131.99999952316284 980.9999947547913,131.99999952316284 980.9999947547913,140.99999952316284 1008.9999942779541,140.99999952316284"
            },
            "src": {
                "port": "success",
                "process": "runhanasql2"
            },
            "tgt": {
                "port": "data",
                "process": "inserttesttables2"
            }
        },
        {
            "metadata": {
                "points": "196.99999904632568,149.49999952316284 224.99999856948853,149.49999952316284 224.99999856948853,200.99999952316284 252.99999809265137,200.99999952316284"
            },
            "src": {
                "port": "data",
                "process": "updatetesttables1"
            },
            "tgt": {
                "port": "input",
                "process": "writehanatable2"
            }
        },
        {
            "metadata": {
                "points": "1322.9999933242798,131.49999952316284 1350.9999928474426,131.49999952316284 1350.9999928474426,72.5 1165.999993801117,72.5 1165.999993801117,72 795.9999957084656,72 795.9999957084656,12 610.9999966621399,12 610.9999966621399,72 425.9999976158142,72 425.9999976158142,12 224.99999856948853,12 224.99999856948853,72.5 12,72.5 12,140.49999952316284 67.99999904632568,140.49999952316284"
            },
            "src": {
                "port": "success",
                "process": "writehanatable1"
            },
            "tgt": {
                "port": "data",
                "process": "updatetesttables1"
            }
        },
        {
            "metadata": {
                "points": "767.9999961853027,89.99999952316284 795.9999957084656,89.99999952316284 795.9999957084656,140.99999952316284 823.9999952316284,140.99999952316284"
            },
            "src": {
                "port": "sql",
                "process": "maxindextesttables1"
            },
            "tgt": {
                "port": "input",
                "process": "runhanasql2"
            }
        },
        {
            "metadata": {
                "points": "582.999997138977,140.99999952316284 610.9999966621399,140.99999952316284 610.9999966621399,80.99999952316284 638.9999961853027,80.99999952316284"
            },
            "src": {
                "port": "trigger",
                "process": "dispatchtables1"
            },
            "tgt": {
                "port": "data",
                "process": "maxindextesttables1"
            }
        },
        {
            "metadata": {
                "points": "582.999997138977,158.99999952316284 610.9999966621399,158.99999952316284 610.9999966621399,200.99999952316284 638.9999961853027,200.99999952316284"
            },
            "src": {
                "port": "limit",
                "process": "dispatchtables1"
            },
            "tgt": {
                "port": "stop",
                "process": "graphterminator1"
            }
        },
        {
            "metadata": {
                "points": "381.99999809265137,71.99999952316284 409.9999976158142,71.99999952316284 409.9999976158142,131.99999952316284 453.99999713897705,131.99999952316284"
            },
            "src": {
                "port": "success",
                "process": "readhanatable1"
            },
            "tgt": {
                "port": "tables",
                "process": "dispatchtables1"
            }
        },
        {
            "metadata": {
                "points": "381.99999809265137,191.99999952316284 409.9999976158142,191.99999952316284 409.9999976158142,149.99999952316284 453.99999713897705,149.99999952316284"
            },
            "src": {
                "port": "success",
                "process": "writehanatable2"
            },
            "tgt": {
                "port": "trigger",
                "process": "dispatchtables1"
            }
        }
    ],
    "inports": {},
    "outports": {}
}