{
    "description": "Update File",
    "component": "com.sap.system.python3Operator",
    "inports": [
        {
            "name": "data",
            "type": "message.DataFrame",
            "description": "Input DataFrame"
        }
    ],
    "outports": [
        {
            "name": "log",
            "type": "string",
            "description": "Logging data"
        },
        {
            "name": "data",
            "type": "message.file",
            "description": "Output data"
        }
    ],
    "config": {
        "$type": "http://sap.com/vflow/di_replication.update_file.configSchema.json",
        "script": "file://update_file.py"
    },
    "tags": {},
    "iconsrc": "update_files.svg"
}