{
    "description": "Merge Files",
    "component": "com.sap.system.python3Operator",
    "versionStatus": "active",
    "inports": [
        {
            "name": "data",
            "type": "message.file"
        }
    ],
    "outports": [
        {
            "name": "log",
            "type": "string"
        },
        {
            "name": "csv",
            "type": "message.file"
        },
        {
            "name": "next",
            "type": "message.file"
        },
        {
            "name": "consistency",
            "type": "message"
        }
    ],
    "iconsrc": "repl_merge_files.svg",
    "config": {
        "$type": "http://sap.com/vflow/sdi_replication.repl_merge_files.configSchema.json",
        "script": "file://repl_merge_files.py",
        "scriptReference": "repl_merge_files.py"
    }
}