{
    "$schema": "http://json-schema.org/draft-06/schema#",
    "$id": "http://sap.com/vflow/sdi_replication.repl_dict_csv.configSchema.json",
    "type": "object",
    "properties": {
        "codelanguage": {
            "type": "string"
        },
        "script": {
            "type": "string"
        },
        "debug_mode": {
            "title": "Debug mode",
            "description": "Sending debug level information to log port",
            "type": "boolean"
        },
        "separator": {
            "title": "Separator",
            "description": "Separator",
            "type": "string"
        },
        "bool_to_int": {
            "title": "Convert boolean to int",
            "description": "Converting boolean value to integer.",
            "type": "boolean"
        },
        "drop_replication_cols": {
            "title": "Drop Replication columns",
            "description": "Drop Replication columns.",
            "type": "boolean"
        },
        "drop_header": {
            "title": "Drop header",
            "description": "Drop header (not only for the first run).",
            "type": "boolean"
        }
    }
}