{
    "description": "table to csv",
    "component": "com.sap.system.python3Operator",
    "inports": [
        {
            "name": "data",
            "type": "message.table",
            "description": "Input message with table"
        }
    ],
    "outports": [
        {
            "name": "log",
            "type": "string",
            "description": "Logging data"
        },
        {
            "name": "csv",
            "type": "message.file",
            "description": "Output data as csv"
        },
        {
            "name": "error",
            "type": "message",
            "description": "Error status"
        }
    ],
    "config": {
        "$type": "http://sap.com/vflow/di_replication.repl_table_csv.configSchema.json",
        "script": "file://repl_table_csv.py",
        "drop_header": false,
        "only_header": false,
        "drop_columns": "None"
    },
    "tags": {
        "sdi_utils": ""
    },
    "iconsrc": "repl_table_csv.svg"
}