{
    "properties": {},
    "description": "Get Primary Keys",
    "processes": {
        "getprimarykeys1": {
            "component": "sdi_replication.repl_get_primary_keys",
            "metadata": {
                "label": "Get primary keys",
                "x": 201.99999904632568,
                "y": 12,
                "height": 80,
                "width": 120,
                "extensible": true,
                "config": {
                    "debug_mode": true
                }
            }
        },
        "runhanasql1": {
            "component": "com.sap.hana.runSQL",
            "metadata": {
                "label": "Get Replication Tables",
                "x": 17,
                "y": 12,
                "height": 80,
                "width": 120,
                "config": {
                    "configMode": "Static (from configuration)",
                    "connection": {
                        "configurationType": "Configuration Manager",
                        "connectionID": "HANA_TH"
                    },
                    "sql": "SELECT * FROM REPLICATION.TEST_TABLES_REPOS"
                }
            }
        },
        "runhanasql2": {
            "component": "com.sap.hana.runSQL",
            "metadata": {
                "label": "Run HANA SQL",
                "x": 386.99999809265137,
                "y": 12,
                "height": 80,
                "width": 120,
                "config": {
                    "connection": {
                        "configurationType": "Configuration Manager",
                        "connectionID": "HANA_TH"
                    }
                }
            }
        },
        "writefile1": {
            "component": "com.sap.file.write",
            "metadata": {
                "label": "Write File",
                "x": 740.999997138977,
                "y": 12,
                "height": 80,
                "width": 120,
                "config": {
                    "pathMode": "Static with placeholders",
                    "connection": {
                        "configurationType": "Connection Management",
                        "connectionID": "S3_THH"
                    },
                    "path": "/replication/<header:schema_name>/<header:table_name>/<header:table_name>_primary_keys.csv",
                    "mode": "Overwrite"
                }
            }
        },
        "gate1": {
            "component": "sdi_utils_operators.gate",
            "metadata": {
                "label": "Gate",
                "x": 925.9999961853027,
                "y": 12,
                "height": 80,
                "width": 120,
                "extensible": true,
                "config": {
                    "limit": 1000000
                }
            }
        },
        "graphterminator1": {
            "component": "com.sap.util.graphTerminator",
            "metadata": {
                "label": "Graph Terminator",
                "x": 1094.9999961853027,
                "y": 12,
                "height": 80,
                "width": 120,
                "config": {}
            }
        },
        "tabletocsv1": {
            "component": "sdi_replication.repl_table_csv",
            "metadata": {
                "label": "table to csv",
                "x": 569.999997138977,
                "y": 12,
                "height": 80,
                "width": 120,
                "extensible": true,
                "config": {}
            }
        }
    },
    "groups": [],
    "connections": [
        {
            "metadata": {
                "points": "141,43 168.99999952316284,43 168.99999952316284,52 196.99999904632568,52"
            },
            "src": {
                "port": "success",
                "process": "runhanasql1"
            },
            "tgt": {
                "port": "tables",
                "process": "getprimarykeys1"
            }
        },
        {
            "metadata": {
                "points": "864.999997138977,43 892.9999966621399,43 892.9999966621399,70 920.9999961853027,70"
            },
            "src": {
                "port": "file",
                "process": "writefile1"
            },
            "tgt": {
                "port": "data",
                "process": "gate1"
            }
        },
        {
            "metadata": {
                "points": "1049.9999961853027,52 1089.9999961853027,52"
            },
            "src": {
                "port": "trigger",
                "process": "gate1"
            },
            "tgt": {
                "port": "stop",
                "process": "graphterminator1"
            }
        },
        {
            "metadata": {
                "points": "325.9999990463257,61 354,61 354,52 381.99999809265137,52"
            },
            "src": {
                "port": "sqlkeys",
                "process": "getprimarykeys1"
            },
            "tgt": {
                "port": "input",
                "process": "runhanasql2"
            }
        },
        {
            "metadata": {
                "points": "510.99999809265137,43 538,43 538,52 564.999997138977,52"
            },
            "src": {
                "port": "success",
                "process": "runhanasql2"
            },
            "tgt": {
                "port": "data",
                "process": "tabletocsv1"
            }
        },
        {
            "metadata": {
                "points": "693.999997138977,52 735.999997138977,52"
            },
            "src": {
                "port": "csv",
                "process": "tabletocsv1"
            },
            "tgt": {
                "port": "file",
                "process": "writefile1"
            }
        }
    ],
    "inports": {},
    "outports": {}
}