{
    "properties": {},
    "description": "Update Test Tables",
    "processes": {
        "readhanatable1": {
            "component": "com.sap.hana.readTable",
            "metadata": {
                "label": "Table Repository Tables",
                "x": 72.99999904632568,
                "y": 26.49999976158142,
                "height": 80,
                "width": 120,
                "config": {
                    "connection": {
                        "configurationType": "Configuration Manager",
                        "connectionID": "HANA_TH"
                    },
                    "configMode": "Static (from configuration)",
                    "tableName": "REPLICATION.TEST_TABLES_REPOS"
                }
            }
        },
        "wiretap1": {
            "component": "com.sap.util.wiretap",
            "metadata": {
                "label": "Wiretap",
                "x": 844.9999961853027,
                "y": 100.49999952316284,
                "height": 80,
                "width": 120,
                "ui": "dynpath",
                "config": {}
            }
        },
        "runhanasql1": {
            "component": "com.sap.hana.runSQL",
            "metadata": {
                "label": "Run HANA SQL",
                "x": 72.99999904632568,
                "y": 146.49999976158142,
                "height": 80,
                "width": 120,
                "config": {
                    "connection": {
                        "configurationType": "Configuration Manager",
                        "connectionID": "HANA_TH"
                    }
                }
            }
        },
        "graphterminator1": {
            "component": "com.sap.util.graphTerminator",
            "metadata": {
                "label": "Graph Terminator",
                "x": 458.99999713897705,
                "y": 160.99999952316284,
                "height": 80,
                "width": 120,
                "config": {}
            }
        },
        "updatetesttables1": {
            "component": "sdi_replication.repl_update_test_tables",
            "metadata": {
                "label": "Update Test Tables",
                "x": 458.99999713897705,
                "y": 40.99999952316284,
                "height": 80,
                "width": 120,
                "extensible": true,
                "config": {
                    "max_random_num": 100,
                    "modulo_factor": 4,
                    "debug_mode": true
                }
            }
        },
        "dispatchtables1": {
            "component": "sdi_replication.repl_dispatch_tables",
            "metadata": {
                "label": "Dispatch Tables",
                "x": 257.99999809265137,
                "y": 85.99999976158142,
                "height": 80,
                "width": 120,
                "extensible": true,
                "config": {
                    "debug_mode": true,
                    "count_all_roundtrips": true
                }
            }
        },
        "21multiplexer1": {
            "component": "com.sap.system.multiplexer.2-1",
            "metadata": {
                "label": "2:1 Multiplexer",
                "x": 675.9999961853027,
                "y": 100.49999952316284,
                "height": 80,
                "width": 120,
                "extensible": true,
                "config": {}
            }
        }
    },
    "groups": [],
    "connections": [
        {
            "metadata": {
                "points": "582.999997138977,89.99999952316284 610.9999966621399,89.99999952316284 610.9999966621399,268.9999990463257 409.9999976158142,268.9999990463257 409.9999976158142,193.99999928474426 224.99999856948853,193.99999928474426 224.99999856948853,254.49999928474426 12,254.49999928474426 12,186.49999976158142 67.99999904632568,186.49999976158142"
            },
            "src": {
                "port": "sql",
                "process": "updatetesttables1"
            },
            "tgt": {
                "port": "input",
                "process": "runhanasql1"
            }
        },
        {
            "metadata": {
                "points": "196.99999904632568,57.49999976158142 224.99999856948853,57.49999976158142 224.99999856948853,116.99999976158142 252.99999809265137,116.99999976158142"
            },
            "src": {
                "port": "success",
                "process": "readhanatable1"
            },
            "tgt": {
                "port": "tables",
                "process": "dispatchtables1"
            }
        },
        {
            "metadata": {
                "points": "381.99999809265137,143.99999976158142 425.9999976158142,143.99999976158142 425.9999976158142,200.99999952316284 453.99999713897705,200.99999952316284"
            },
            "src": {
                "port": "limit",
                "process": "dispatchtables1"
            },
            "tgt": {
                "port": "stop",
                "process": "graphterminator1"
            }
        },
        {
            "metadata": {
                "points": "381.99999809265137,125.99999976158142 425.9999976158142,125.99999976158142 425.9999976158142,80.99999952316284 453.99999713897705,80.99999952316284"
            },
            "src": {
                "port": "trigger",
                "process": "dispatchtables1"
            },
            "tgt": {
                "port": "data",
                "process": "updatetesttables1"
            }
        },
        {
            "metadata": {
                "points": "196.99999904632568,177.49999976158142 224.99999856948853,177.49999976158142 224.99999856948853,134.99999976158142 252.99999809265137,134.99999976158142"
            },
            "src": {
                "port": "success",
                "process": "runhanasql1"
            },
            "tgt": {
                "port": "trigger",
                "process": "dispatchtables1"
            }
        },
        {
            "metadata": {
                "points": "582.999997138977,71.99999952316284 626.9999966621399,71.99999952316284 626.9999966621399,149.49999952316284 670.9999961853027,149.49999952316284"
            },
            "src": {
                "port": "log",
                "process": "updatetesttables1"
            },
            "tgt": {
                "port": "in2",
                "process": "21multiplexer1"
            }
        },
        {
            "metadata": {
                "points": "799.9999961853027,140.49999952316284 839.9999961853027,140.49999952316284"
            },
            "src": {
                "port": "out1",
                "process": "21multiplexer1"
            },
            "tgt": {
                "port": "in",
                "process": "wiretap1"
            }
        },
        {
            "metadata": {
                "points": "381.99999809265137,107.99999976158142 409.9999976158142,107.99999976158142 409.9999976158142,12 642.9999966621399,12 642.9999966621399,131.49999952316284 670.9999961853027,131.49999952316284"
            },
            "src": {
                "port": "log",
                "process": "dispatchtables1"
            },
            "tgt": {
                "port": "in1",
                "process": "21multiplexer1"
            }
        }
    ],
    "inports": {},
    "outports": {}
}