{
    "description": "Checkdata",
    "component": "com.sap.system.python3Operator",
    "versionStatus": "active",
    "inports": [
        {
            "name": "input",
            "type": "message.table"
        }
    ],
    "outports": [
        {
            "name": "log",
            "type": "string"
        },
        {
            "name": "output",
            "type": "message.file"
        },
        {
            "name": "nodata",
            "type": "message"
        }
    ],
    "iconsrc": "checkdata.svg",
    "config": {
        "$type": "http://sap.com/vflow/di_replication.checkdataV7.configSchema.json",
        "codecs": [
            "utf-8",
            "cp1250"
        ],
        "script": "file://checkdata.py"
    }
}