{
    "description": "Table Profile",
    "component": "com.sap.system.python3Operator",
    "versionStatus": "active",
    "inports": [
        {
            "name": "data",
            "type": "message"
        }
    ],
    "outports": [
        {
            "name": "log",
            "type": "string"
        },
        {
            "name": "msg",
            "type": "message"
        }
    ],
    "iconsrc": "repl_table_profile.svg",
    "config": {
        "$type": "http://sap.com/vflow/sdi_replication.repl_table_profile.configSchema.json",
        "debug_mode": false,
        "script": "file://repl_table_profile.py",
        "scriptReference": "repl_table_profile.py"
    },
    "tags": {
        "sdi_utils": ""
    }
}