{
    "description": "Gate",
    "component": "com.sap.system.python3Operator",
    "inports": [
        {
            "name": "data",
            "type": "message.*",
            "description": "Input data"
        }
    ],
    "outports": [
        {
            "name": "log",
            "type": "string",
            "description": "Logging data"
        },
        {
            "name": "data",
            "type": "message",
            "description": "Output of unchanged last input data"
        }
    ],
    "config": {
        "$type": "http://sap.com/vflow/di_replication.gate.configSchema.json",
        "script": "file://gate.py"
    },
    "tags": {},
    "iconsrc": "gate.svg"
}