{
    "properties": {},
    "description": "Merge Tables",
    "processes": {
        "listfiles1": {
            "component": "com.sap.file.list",
            "metadata": {
                "label": "List Files",
                "x": 691.9999961853027,
                "y": 35.00000023841858,
                "height": 80,
                "width": 120,
                "config": {
                    "mode": "Once",
                    "connection": {
                        "configurationType": "Connection Management",
                        "connectionID": "S3_THH"
                    },
                    "path": "/replication/REPLICATION",
                    "recursive": true
                }
            }
        },
        "replcollectfiles1": {
            "component": "sdi_replication.repl_collect_files",
            "metadata": {
                "label": "Repl. Collect Files",
                "x": 876.9999952316284,
                "y": 35.50000023841858,
                "height": 80,
                "width": 120,
                "extensible": true,
                "config": {
                    "debug_mode": false
                }
            }
        },
        "repldispatchfiles1": {
            "component": "sdi_replication.repl_dispatch_files",
            "metadata": {
                "label": "Repl. Dispatch Files",
                "x": 1109.999994277954,
                "y": 126.49999952316284,
                "height": 80,
                "width": 120,
                "extensible": true,
                "config": {
                    "update_files_mandatory": true,
                    "file_path_att": "P",
                    "base_file_mandatory": true,
                    "primary_key_file_mandatory": true,
                    "debug_mode": false
                }
            }
        },
        "readfile3": {
            "component": "com.sap.file.read",
            "metadata": {
                "label": "Read Primary Key File",
                "x": 1961.9999904632568,
                "y": 134.99999952316284,
                "height": 80,
                "width": 120,
                "config": {}
            }
        },
        "readprimarykey1": {
            "component": "sdi_replication.repl_read_primary_key_file",
            "metadata": {
                "label": "Read Primary Key",
                "x": 2146.9999895095825,
                "y": 134.99999952316284,
                "height": 80,
                "width": 120,
                "extensible": true,
                "config": {
                    "debug_mode": true
                }
            }
        },
        "graphterminator1": {
            "component": "com.sap.util.graphTerminator",
            "metadata": {
                "label": "Graph Terminator",
                "x": 1358.9999933242798,
                "y": 194.99999952316284,
                "height": 80,
                "width": 120,
                "config": {}
            }
        },
        "wiretap1": {
            "component": "com.sap.util.wiretap",
            "metadata": {
                "label": "Wiretap",
                "x": 2861.9999866485596,
                "y": 143.49999952316284,
                "height": 80,
                "width": 120,
                "ui": "dynpath",
                "config": {}
            }
        },
        "writefile1": {
            "component": "com.sap.file.write",
            "metadata": {
                "label": "Write File",
                "x": 273.99999809265137,
                "y": 75,
                "height": 80,
                "width": 120,
                "config": {
                    "mode": "Overwrite"
                }
            }
        },
        "readfile1": {
            "component": "com.sap.file.read",
            "metadata": {
                "label": "Read Merge Files",
                "x": 2676.999987602234,
                "y": 244.49999976158142,
                "height": 80,
                "width": 120,
                "config": {}
            }
        },
        "decision1": {
            "component": "sdi_utils_operators.decision",
            "metadata": {
                "label": "Decision",
                "x": 876.9999952316284,
                "y": 189.49999928474426,
                "height": 80,
                "width": 120,
                "extensible": true,
                "config": {
                    "decision_attribute": "message.last_update_file"
                }
            }
        },
        "dispatchmergefiles1": {
            "component": "sdi_replication.repl_dispatch_merge_files",
            "metadata": {
                "label": "Dispatch Merge Files",
                "x": 2379.999988555908,
                "y": 168.99999952316284,
                "height": 80,
                "width": 120,
                "extensible": true,
                "config": {
                    "debug_mode": true
                }
            }
        },
        "dispatchmergefiles2": {
            "component": "sdi_replication.repl_dispatch_merge_files",
            "metadata": {
                "label": "Dispatch Merge Files",
                "x": 474.99999713897705,
                "y": 126.99999952316284,
                "height": 80,
                "width": 120,
                "extensible": true,
                "config": {
                    "debug_mode": true
                }
            }
        },
        "101multiplexer1": {
            "component": "com.sap.system.multiplexer.10-1",
            "metadata": {
                "label": "10:1 Multiplexer",
                "x": 2676.999987602234,
                "y": 14.499999761581421,
                "height": 190,
                "width": 120,
                "extensible": true,
                "config": {}
            }
        },
        "removefile1": {
            "component": "com.sap.file.remove",
            "metadata": {
                "label": "Remove Update Files",
                "x": 691.9999961853027,
                "y": 188.99999928474426,
                "height": 80,
                "width": 120,
                "config": {}
            }
        },
        "getchecksumcolumn1": {
            "component": "sdi_replication.repl_get_checksum_col",
            "metadata": {
                "label": "Get Checksum Column",
                "x": 1358.9999933242798,
                "y": 74.99999952316284,
                "height": 80,
                "width": 120,
                "extensible": true,
                "config": {
                    "replication_repos": "REPLICATION.TEST_TABLES_REPOS"
                }
            }
        },
        "runhanasql1": {
            "component": "com.sap.hana.runSQL",
            "metadata": {
                "label": "Get Checksum",
                "x": 1591.9999923706055,
                "y": 134.99999952316284,
                "height": 80,
                "width": 120,
                "config": {
                    "connection": {
                        "configurationType": "Configuration Manager",
                        "connectionID": "HANA_TH"
                    }
                }
            }
        },
        "mergefiles1": {
            "component": "sdi_replication.repl_merge_files",
            "metadata": {
                "label": "Merge Files",
                "x": 72.99999904632568,
                "y": 128.49999976158142,
                "height": 82,
                "width": 120,
                "extensible": true,
                "config": {
                    "debug_mode": true
                }
            }
        },
        "runhanasql2": {
            "component": "com.sap.hana.runSQL",
            "metadata": {
                "label": "Run HANA SQL",
                "x": 273.99999809265137,
                "y": 211.99999904632568,
                "height": 80,
                "width": 120,
                "config": {
                    "connection": {
                        "configurationType": "Configuration Manager",
                        "connectionID": "HANA_TH"
                    }
                }
            }
        },
        "checksumcolumntoattributes1": {
            "component": "sdi_replication.repl_checksum_col_attributes",
            "metadata": {
                "label": "Checksum Column to Attributes",
                "x": 1776.9999914169312,
                "y": 134.99999952316284,
                "height": 80,
                "width": 120,
                "extensible": true,
                "config": {}
            }
        }
    },
    "groups": [],
    "connections": [
        {
            "metadata": {
                "points": "815.9999961853027,66.00000023841858 843.9999957084656,66.00000023841858 843.9999957084656,75.50000023841858 871.9999952316284,75.50000023841858"
            },
            "src": {
                "port": "ref",
                "process": "listfiles1"
            },
            "tgt": {
                "port": "files",
                "process": "replcollectfiles1"
            }
        },
        {
            "metadata": {
                "points": "2085.999990463257,165.99999952316284 2113.9999899864197,165.99999952316284 2113.9999899864197,174.99999952316284 2141.9999895095825,174.99999952316284"
            },
            "src": {
                "port": "file",
                "process": "readfile3"
            },
            "tgt": {
                "port": "input",
                "process": "readprimarykey1"
            }
        },
        {
            "metadata": {
                "points": "1000.9999952316284,84.50000023841858 1076.9999947547913,84.50000023841858 1076.9999947547913,157.49999952316284 1104.999994277954,157.49999952316284"
            },
            "src": {
                "port": "file",
                "process": "replcollectfiles1"
            },
            "tgt": {
                "port": "files",
                "process": "repldispatchfiles1"
            }
        },
        {
            "metadata": {
                "points": "2270.9999895095825,183.99999952316284 2346.9999890327454,183.99999952316284 2346.9999890327454,190.99999952316284 2374.999988555908,190.99999952316284"
            },
            "src": {
                "port": "base",
                "process": "readprimarykey1"
            },
            "tgt": {
                "port": "target",
                "process": "dispatchmergefiles1"
            }
        },
        {
            "metadata": {
                "points": "2503.999988555908,217.99999952316284 2643.999988079071,217.99999952316284 2643.999988079071,284.4999997615814 2671.999987602234,284.4999997615814"
            },
            "src": {
                "port": "file",
                "process": "dispatchmergefiles1"
            },
            "tgt": {
                "port": "ref",
                "process": "readfile1"
            }
        },
        {
            "metadata": {
                "points": "397.99999809265137,106 425.9999976158142,106 425.9999976158142,166.99999952316284 469.99999713897705,166.99999952316284"
            },
            "src": {
                "port": "file",
                "process": "writefile1"
            },
            "tgt": {
                "port": "init",
                "process": "dispatchmergefiles2"
            }
        },
        {
            "metadata": {
                "points": "1000.9999952316284,247.49999928474426 1028.9999947547913,247.49999928474426 1028.9999947547913,297.4999988079071 843.9999957084656,297.4999988079071 843.9999957084656,296.9999988079071 658.9999966621399,296.9999988079071 658.9999966621399,234.99999904632568 441.9999976158142,234.99999904632568 441.9999976158142,184.99999952316284 469.99999713897705,184.99999952316284"
            },
            "src": {
                "port": "False",
                "process": "decision1"
            },
            "tgt": {
                "port": "next",
                "process": "dispatchmergefiles2"
            }
        },
        {
            "metadata": {
                "points": "1000.9999952316284,229.49999928474426 1076.9999947547913,229.49999928474426 1076.9999947547913,175.49999952316284 1104.999994277954,175.49999952316284"
            },
            "src": {
                "port": "True",
                "process": "decision1"
            },
            "tgt": {
                "port": "trigger",
                "process": "repldispatchfiles1"
            }
        },
        {
            "metadata": {
                "points": "1000.9999952316284,66.50000023841858 1028.9999947547913,66.50000023841858 1028.9999947547913,80.5 1261.999993801117,80.5 1261.999993801117,12 1542.9999928474426,12 1542.9999928474426,72 2531.999988079071,72 2531.999988079071,28.49999976158142 2671.999987602234,28.49999976158142"
            },
            "src": {
                "port": "log",
                "process": "replcollectfiles1"
            },
            "tgt": {
                "port": "in1",
                "process": "101multiplexer1"
            }
        },
        {
            "metadata": {
                "points": "1233.999994277954,148.49999952316284 1277.999993801117,148.49999952316284 1277.999993801117,29 1526.9999928474426,29 1526.9999928474426,89 2547.999988079071,89 2547.999988079071,46.49999976158142 2671.999987602234,46.49999976158142"
            },
            "src": {
                "port": "log",
                "process": "repldispatchfiles1"
            },
            "tgt": {
                "port": "in2",
                "process": "101multiplexer1"
            }
        },
        {
            "metadata": {
                "points": "2270.9999895095825,165.99999952316284 2314.9999890327454,165.99999952316284 2314.9999890327454,106 2563.999988079071,106 2563.999988079071,64.49999976158142 2671.999987602234,64.49999976158142"
            },
            "src": {
                "port": "log",
                "process": "readprimarykey1"
            },
            "tgt": {
                "port": "in3",
                "process": "101multiplexer1"
            }
        },
        {
            "metadata": {
                "points": "2503.999988555908,199.99999952316284 2595.999988079071,199.99999952316284 2595.999988079071,82.49999976158142 2671.999987602234,82.49999976158142"
            },
            "src": {
                "port": "log",
                "process": "dispatchmergefiles1"
            },
            "tgt": {
                "port": "in4",
                "process": "101multiplexer1"
            }
        },
        {
            "metadata": {
                "points": "598.999997138977,157.99999952316284 626.9999966621399,157.99999952316284 626.9999966621399,159.99999976158142 843.9999957084656,159.99999976158142 843.9999957084656,160.49999976158142 1060.9999947547913,160.49999976158142 1060.9999947547913,234.49999904632568 1309.999993801117,234.49999904632568 1309.999993801117,302.9999990463257 1510.9999928474426,302.9999990463257 1510.9999928474426,242.99999904632568 2330.9999890327454,242.99999904632568 2330.9999890327454,140 2611.999988079071,140 2611.999988079071,118.49999976158142 2671.999987602234,118.49999976158142"
            },
            "src": {
                "port": "log",
                "process": "dispatchmergefiles2"
            },
            "tgt": {
                "port": "in6",
                "process": "101multiplexer1"
            }
        },
        {
            "metadata": {
                "points": "2800.999987602234,109.49999976158142 2828.9999871253967,109.49999976158142 2828.9999871253967,183.49999952316284 2856.9999866485596,183.49999952316284"
            },
            "src": {
                "port": "out1",
                "process": "101multiplexer1"
            },
            "tgt": {
                "port": "in",
                "process": "wiretap1"
            }
        },
        {
            "metadata": {
                "points": "1000.9999952316284,211.49999928474426 1044.9999947547913,211.49999928474426 1044.9999947547913,268.4999990463257 1277.999993801117,268.4999990463257 1277.999993801117,336.9999990463257 1542.9999928474426,336.9999990463257 1542.9999928474426,276.9999990463257 2627.999988079071,276.9999990463257 2627.999988079071,136.49999976158142 2671.999987602234,136.49999976158142"
            },
            "src": {
                "port": "log",
                "process": "decision1"
            },
            "tgt": {
                "port": "in7",
                "process": "101multiplexer1"
            }
        },
        {
            "metadata": {
                "points": "1233.999994277954,166.49999952316284 1293.999993801117,166.49999952316284 1293.999993801117,114.99999952316284 1353.9999933242798,114.99999952316284"
            },
            "src": {
                "port": "file",
                "process": "repldispatchfiles1"
            },
            "tgt": {
                "port": "data",
                "process": "getchecksumcolumn1"
            }
        },
        {
            "metadata": {
                "points": "1482.9999933242798,123.99999952316284 1510.9999928474426,123.99999952316284 1510.9999928474426,174.99999952316284 1586.9999923706055,174.99999952316284"
            },
            "src": {
                "port": "msg",
                "process": "getchecksumcolumn1"
            },
            "tgt": {
                "port": "input",
                "process": "runhanasql1"
            }
        },
        {
            "metadata": {
                "points": "196.99999904632568,160.49999976158142 240.99999856948853,160.49999976158142 240.99999856948853,115 268.99999809265137,115"
            },
            "src": {
                "port": "csv",
                "process": "mergefiles1"
            },
            "tgt": {
                "port": "file",
                "process": "writefile1"
            }
        },
        {
            "metadata": {
                "points": "196.99999904632568,142.49999976158142 224.99999856948853,142.49999976158142 224.99999856948853,46.00000047683716 425.9999976158142,46.00000047683716 425.9999976158142,98 626.9999966621399,98 626.9999966621399,142.99999976158142 843.9999957084656,142.99999976158142 843.9999957084656,143.49999976158142 1028.9999947547913,143.49999976158142 1028.9999947547913,97.5 1293.999993801117,97.5 1293.999993801117,46 1510.9999928474426,46 1510.9999928474426,106 2298.9999890327454,106 2298.9999890327454,123 2579.999988079071,123 2579.999988079071,100.49999976158142 2671.999987602234,100.49999976158142"
            },
            "src": {
                "port": "log",
                "process": "mergefiles1"
            },
            "tgt": {
                "port": "in5",
                "process": "101multiplexer1"
            }
        },
        {
            "metadata": {
                "points": "196.99999904632568,178.49999976158142 224.99999856948853,178.49999976158142 224.99999856948853,182.99999952316284 425.9999976158142,182.99999952316284 425.9999976158142,250.99999904632568 642.9999966621399,250.99999904632568 642.9999966621399,313.9999988079071 843.9999957084656,313.9999988079071 843.9999957084656,313.4999988079071 1060.9999947547913,313.4999988079071 1060.9999947547913,251.49999904632568 1293.999993801117,251.49999904632568 1293.999993801117,319.9999990463257 1526.9999928474426,319.9999990463257 1526.9999928474426,259.9999990463257 2346.9999890327454,259.9999990463257 2346.9999890327454,226.99999952316284 2374.999988555908,226.99999952316284"
            },
            "src": {
                "port": "next",
                "process": "mergefiles1"
            },
            "tgt": {
                "port": "next",
                "process": "dispatchmergefiles1"
            }
        },
        {
            "metadata": {
                "points": "196.99999904632568,196.49999976158142 240.99999856948853,196.49999976158142 240.99999856948853,251.99999904632568 268.99999809265137,251.99999904632568"
            },
            "src": {
                "port": "consistency",
                "process": "mergefiles1"
            },
            "tgt": {
                "port": "input",
                "process": "runhanasql2"
            }
        },
        {
            "metadata": {
                "points": "2800.999987602234,275.4999997615814 2828.9999871253967,275.4999997615814 2828.9999871253967,352.49999928474426 2531.999988079071,352.49999928474426 2531.999988079071,293.9999990463257 1558.9999928474426,293.9999990463257 1558.9999928474426,353.9999990463257 1261.999993801117,353.9999990463257 1261.999993801117,285.4999990463257 1076.9999947547913,285.4999990463257 1076.9999947547913,330.4999988079071 843.9999957084656,330.4999988079071 843.9999957084656,330.9999988079071 626.9999966621399,330.9999988079071 626.9999966621399,267.9999990463257 425.9999976158142,267.9999990463257 425.9999976158142,319.9999985694885 224.99999856948853,319.9999985694885 224.99999856948853,238.49999928474426 12,238.49999928474426 12,169.49999976158142 67.99999904632568,169.49999976158142"
            },
            "src": {
                "port": "file",
                "process": "readfile1"
            },
            "tgt": {
                "port": "data",
                "process": "mergefiles1"
            }
        },
        {
            "metadata": {
                "points": "1715.9999923706055,165.99999952316284 1743.9999918937683,165.99999952316284 1743.9999918937683,174.99999952316284 1771.9999914169312,174.99999952316284"
            },
            "src": {
                "port": "success",
                "process": "runhanasql1"
            },
            "tgt": {
                "port": "data",
                "process": "checksumcolumntoattributes1"
            }
        },
        {
            "metadata": {
                "points": "1900.9999914169312,183.99999952316284 1928.999990940094,183.99999952316284 1928.999990940094,174.99999952316284 1956.9999904632568,174.99999952316284"
            },
            "src": {
                "port": "msg",
                "process": "checksumcolumntoattributes1"
            },
            "tgt": {
                "port": "ref",
                "process": "readfile3"
            }
        },
        {
            "metadata": {
                "points": "598.999997138977,175.99999952316284 626.9999966621399,175.99999952316284 626.9999966621399,228.99999928474426 686.9999961853027,228.99999928474426"
            },
            "src": {
                "port": "file",
                "process": "dispatchmergefiles2"
            },
            "tgt": {
                "port": "ref",
                "process": "removefile1"
            }
        },
        {
            "metadata": {
                "points": "815.9999961853027,219.99999928474426 843.9999957084656,219.99999928474426 843.9999957084656,229.49999928474426 871.9999952316284,229.49999928474426"
            },
            "src": {
                "port": "ref",
                "process": "removefile1"
            },
            "tgt": {
                "port": "input",
                "process": "decision1"
            }
        },
        {
            "metadata": {
                "points": "1233.999994277954,184.49999952316284 1325.999993801117,184.49999952316284 1325.999993801117,234.99999952316284 1353.9999933242798,234.99999952316284"
            },
            "src": {
                "port": "limit",
                "process": "repldispatchfiles1"
            },
            "tgt": {
                "port": "stop",
                "process": "graphterminator1"
            }
        }
    ],
    "inports": {},
    "outports": {}
}