{
    "properties": {},
    "description": "Update Replication",
    "processes": {
        "wiretap1": {
            "component": "com.sap.util.wiretap",
            "metadata": {
                "label": "Wiretap",
                "x": 2066.9999895095825,
                "y": 140.99999976158142,
                "height": 80,
                "width": 120,
                "ui": "dynpath",
                "config": {}
            }
        },
        "101multiplexer1": {
            "component": "com.sap.system.multiplexer.10-1",
            "metadata": {
                "label": "10:1 Multiplexer",
                "x": 1881.9999904632568,
                "y": 12,
                "height": 190,
                "width": 120,
                "extensible": true,
                "config": {}
            }
        },
        "graphterminator1": {
            "component": "com.sap.util.graphTerminator",
            "metadata": {
                "label": "Graph Terminator",
                "x": 1262.9999933242798,
                "y": 192.49999976158142,
                "height": 80,
                "width": 120,
                "config": {}
            }
        },
        "runhanasql3": {
            "component": "com.sap.hana.runSQL",
            "metadata": {
                "label": "Block SQL",
                "x": 1463.9999923706055,
                "y": 132.49999976158142,
                "height": 80,
                "width": 120,
                "config": {
                    "connection": {
                        "configurationType": "Configuration Manager",
                        "connectionID": "HANA_TH"
                    }
                }
            }
        },
        "replselect1": {
            "component": "sdi_replication.repl_select",
            "metadata": {
                "label": "Repl. Select",
                "x": 1648.9999914169312,
                "y": 132.49999976158142,
                "height": 80,
                "width": 120,
                "extensible": true,
                "config": {}
            }
        },
        "runhanasql4": {
            "component": "com.sap.hana.runSQL",
            "metadata": {
                "label": "Select SQL",
                "x": 1881.9999904632568,
                "y": 242,
                "height": 80,
                "width": 120,
                "config": {
                    "connection": {
                        "configurationType": "Configuration Manager",
                        "connectionID": "HANA_TH"
                    }
                }
            }
        },
        "writefile1": {
            "component": "com.sap.file.write",
            "metadata": {
                "label": "Write File",
                "x": 257.99999809265137,
                "y": 118,
                "height": 80,
                "width": 120,
                "config": {
                    "pathMode": "Static with placeholders",
                    "connection": {
                        "configurationType": "Connection Management",
                        "connectionID": "S3_THH"
                    },
                    "path": "/replication/<header:schema_name>/<header:table_name>/<header:pid>_<header:table_name>.csv",
                    "mode": "Create only",
                    "joinBatches": false
                }
            }
        },
        "replcomplete1": {
            "component": "sdi_replication.repl_complete",
            "metadata": {
                "label": "Repl. Complete",
                "x": 442.99999713897705,
                "y": 118,
                "height": 80,
                "width": 120,
                "extensible": true,
                "config": {
                    "debug_mode": true
                }
            }
        },
        "runhanasql5": {
            "component": "com.sap.hana.runSQL",
            "metadata": {
                "label": "Run HANA SQL",
                "x": 643.9999961853027,
                "y": 132.49999976158142,
                "height": 80,
                "width": 120,
                "config": {
                    "connection": {
                        "configurationType": "Configuration Manager",
                        "connectionID": "HANA_TH"
                    }
                }
            }
        },
        "21multiplexer1": {
            "component": "com.sap.system.multiplexer.2-1",
            "metadata": {
                "label": "2:1 Multiplexer",
                "x": 844.9999952316284,
                "y": 194.99999952316284,
                "height": 80,
                "width": 120,
                "extensible": true,
                "config": {}
            }
        },
        "readhanatable1": {
            "component": "com.sap.hana.readTable",
            "metadata": {
                "label": "Read HANA Table",
                "x": 844.9999952316284,
                "y": 58.00000047683716,
                "height": 80,
                "width": 120,
                "config": {
                    "connection": {
                        "configurationType": "Configuration Manager",
                        "connectionID": "HANA_TH"
                    },
                    "configMode": "Static (from configuration)",
                    "tableName": "REPLICATION.TEST_TABLES_REPOS"
                }
            }
        },
        "dispatchtables1": {
            "component": "sdi_replication.repl_dispatch_tables",
            "metadata": {
                "label": "Dispatch Tables",
                "x": 1045.999994277954,
                "y": 118,
                "height": 80,
                "width": 120,
                "extensible": true,
                "config": {
                    "debug_mode": true
                }
            }
        },
        "replblock1": {
            "component": "sdi_replication.repl_block",
            "metadata": {
                "label": "Repl. Block",
                "x": 1262.9999933242798,
                "y": 72.49999976158142,
                "height": 80,
                "width": 120,
                "extensible": true,
                "config": {
                    "debug_mode": true
                }
            }
        },
        "tabletocsv1": {
            "component": "sdi_replication.repl_table_csv",
            "metadata": {
                "label": "table to csv",
                "x": 72.99999904632568,
                "y": 127,
                "height": 80,
                "width": 120,
                "extensible": true,
                "config": {
                    "debug_mode": true,
                    "drop_columns": "DIREPL_STATUS, DIREPL_PACKAGEID, DIREPL_PID"
                }
            }
        }
    },
    "groups": [],
    "connections": [
        {
            "metadata": {
                "points": "2005.9999904632568,107 2033.9999899864197,107 2033.9999899864197,180.99999976158142 2061.9999895095825,180.99999976158142"
            },
            "src": {
                "port": "out1",
                "process": "101multiplexer1"
            },
            "tgt": {
                "port": "in",
                "process": "wiretap1"
            }
        },
        {
            "metadata": {
                "points": "1587.9999923706055,163.49999976158142 1615.9999918937683,163.49999976158142 1615.9999918937683,172.49999976158142 1643.9999914169312,172.49999976158142"
            },
            "src": {
                "port": "success",
                "process": "runhanasql3"
            },
            "tgt": {
                "port": "trigger",
                "process": "replselect1"
            }
        },
        {
            "metadata": {
                "points": "1772.9999914169312,181.49999976158142 1848.999990940094,181.49999976158142 1848.999990940094,282 1876.9999904632568,282"
            },
            "src": {
                "port": "msg",
                "process": "replselect1"
            },
            "tgt": {
                "port": "input",
                "process": "runhanasql4"
            }
        },
        {
            "metadata": {
                "points": "1772.9999914169312,163.49999976158142 1816.999990940094,163.49999976158142 1816.999990940094,80 1876.9999904632568,80"
            },
            "src": {
                "port": "log",
                "process": "replselect1"
            },
            "tgt": {
                "port": "in4",
                "process": "101multiplexer1"
            }
        },
        {
            "metadata": {
                "points": "566.999997138977,167 594.9999966621399,167 594.9999966621399,172.49999976158142 638.9999961853027,172.49999976158142"
            },
            "src": {
                "port": "msg",
                "process": "replcomplete1"
            },
            "tgt": {
                "port": "input",
                "process": "runhanasql5"
            }
        },
        {
            "metadata": {
                "points": "566.999997138977,149 594.9999966621399,149 594.9999966621399,103.50000023841858 811.9999957084656,103.50000023841858 811.9999957084656,166 996.9999947547913,166 996.9999947547913,225.99999952316284 1213.999993801117,225.99999952316284 1213.999993801117,300.49999928474426 1414.9999928474426,300.49999928474426 1414.9999928474426,240.49999928474426 1832.999990940094,240.49999928474426 1832.999990940094,116 1876.9999904632568,116"
            },
            "src": {
                "port": "log",
                "process": "replcomplete1"
            },
            "tgt": {
                "port": "in6",
                "process": "101multiplexer1"
            }
        },
        {
            "metadata": {
                "points": "381.99999809265137,149 409.9999976158142,149 409.9999976158142,158 437.99999713897705,158"
            },
            "src": {
                "port": "file",
                "process": "writefile1"
            },
            "tgt": {
                "port": "data",
                "process": "replcomplete1"
            }
        },
        {
            "metadata": {
                "points": "968.9999952316284,89.00000047683716 996.9999947547913,89.00000047683716 996.9999947547913,149 1040.999994277954,149"
            },
            "src": {
                "port": "success",
                "process": "readhanatable1"
            },
            "tgt": {
                "port": "tables",
                "process": "dispatchtables1"
            }
        },
        {
            "metadata": {
                "points": "1169.999994277954,140 1197.999993801117,140 1197.999993801117,43.50000023841858 1414.9999928474426,43.50000023841858 1414.9999928474426,103.50000023841858 1800.999990940094,103.50000023841858 1800.999990940094,26 1876.9999904632568,26"
            },
            "src": {
                "port": "log",
                "process": "dispatchtables1"
            },
            "tgt": {
                "port": "in1",
                "process": "101multiplexer1"
            }
        },
        {
            "metadata": {
                "points": "1169.999994277954,176 1229.999993801117,176 1229.999993801117,232.49999976158142 1257.9999933242798,232.49999976158142"
            },
            "src": {
                "port": "limit",
                "process": "dispatchtables1"
            },
            "tgt": {
                "port": "stop",
                "process": "graphterminator1"
            }
        },
        {
            "metadata": {
                "points": "1169.999994277954,158 1213.999993801117,158 1213.999993801117,112.49999976158142 1257.9999933242798,112.49999976158142"
            },
            "src": {
                "port": "trigger",
                "process": "dispatchtables1"
            },
            "tgt": {
                "port": "data",
                "process": "replblock1"
            }
        },
        {
            "metadata": {
                "points": "1386.9999933242798,121.49999976158142 1414.9999928474426,121.49999976158142 1414.9999928474426,172.49999976158142 1458.9999923706055,172.49999976158142"
            },
            "src": {
                "port": "msg",
                "process": "replblock1"
            },
            "tgt": {
                "port": "input",
                "process": "runhanasql3"
            }
        },
        {
            "metadata": {
                "points": "968.9999952316284,234.99999952316284 1012.9999947547913,234.99999952316284 1012.9999947547913,167 1040.999994277954,167"
            },
            "src": {
                "port": "out1",
                "process": "21multiplexer1"
            },
            "tgt": {
                "port": "trigger",
                "process": "dispatchtables1"
            }
        },
        {
            "metadata": {
                "points": "196.99999904632568,167 224.99999856948853,167 224.99999856948853,158 252.99999809265137,158"
            },
            "src": {
                "port": "csv",
                "process": "tabletocsv1"
            },
            "tgt": {
                "port": "file",
                "process": "writefile1"
            }
        },
        {
            "metadata": {
                "points": "767.9999961853027,163.49999976158142 795.9999957084656,163.49999976158142 795.9999957084656,225.99999952316284 839.9999952316284,225.99999952316284"
            },
            "src": {
                "port": "success",
                "process": "runhanasql5"
            },
            "tgt": {
                "port": "in1",
                "process": "21multiplexer1"
            }
        },
        {
            "metadata": {
                "points": "196.99999904632568,185 224.99999856948853,185 224.99999856948853,225.99999952316284 610.9999966621399,225.99999952316284 610.9999966621399,240.49999928474426 795.9999957084656,240.49999928474426 795.9999957084656,243.99999952316284 839.9999952316284,243.99999952316284"
            },
            "src": {
                "port": "error",
                "process": "tabletocsv1"
            },
            "tgt": {
                "port": "in2",
                "process": "21multiplexer1"
            }
        },
        {
            "metadata": {
                "points": "2005.9999904632568,273 2033.9999899864197,273 2033.9999899864197,349.99999952316284 1800.999990940094,349.99999952316284 1800.999990940094,257.49999928474426 1430.9999928474426,257.49999928474426 1430.9999928474426,317.49999928474426 1197.999993801117,317.49999928474426 1197.999993801117,242.99999952316284 996.9999947547913,242.99999952316284 996.9999947547913,302.9999990463257 795.9999957084656,302.9999990463257 795.9999957084656,257.49999928474426 594.9999966621399,257.49999928474426 594.9999966621399,242.99999952316284 224.99999856948853,242.99999952316284 224.99999856948853,234.99999952316284 12,234.99999952316284 12,167 67.99999904632568,167"
            },
            "src": {
                "port": "success",
                "process": "runhanasql4"
            },
            "tgt": {
                "port": "data",
                "process": "tabletocsv1"
            }
        }
    ],
    "inports": {},
    "outports": {}
}