{
    "description": "table to csv",
    "component": "com.sap.system.python3Operator",
    "versionStatus": "active",
    "inports": [
        {
            "name": "data",
            "type": "message.table"
        }
    ],
    "outports": [
        {
            "name": "log",
            "type": "string"
        },
        {
            "name": "csv",
            "type": "message.file"
        },
        {
            "name": "error",
            "type": "message.table"
        }
    ],
    "iconsrc": "repl_table_csv.svg",
    "config": {
        "$type": "http://sap.com/vflow/sdi_replication.repl_table_csv.configSchema.json",
        "drop_columns": "None",
        "drop_header": false,
        "only_header": false,
        "script": "file://repl_table_csv.py",
        "scriptReference": "repl_table_csv.py"
    },
    "tags": {
        "sdi_utils": ""
    }
}