{
    "description": "Repl. Complete",
    "component": "com.sap.system.python3Operator",
    "versionStatus": "active",
    "inports": [
        {
            "name": "data",
            "type": "message.file"
        }
    ],
    "outports": [
        {
            "name": "log",
            "type": "string"
        },
        {
            "name": "msg",
            "type": "message"
        }
    ],
    "iconsrc": "repl_complete.svg",
    "config": {
        "$type": "http://sap.com/vflow/sdi_replication.repl_complete.configSchema.json",
        "script": "file://repl_complete.py",
        "scriptReference": "repl_complete.py"
    }
}