{
    "properties": {},
    "description": "Update Files",
    "processes": {
        "listfiles1": {
            "component": "com.sap.file.list",
            "metadata": {
                "label": "List Files",
                "x": 201.99999904632568,
                "y": 12,
                "height": 80,
                "width": 120,
                "config": {
                    "mode": "On input"
                }
            }
        },
        "listfiles2": {
            "component": "com.sap.file.list",
            "metadata": {
                "label": "List Files",
                "x": 17,
                "y": 12,
                "height": 80,
                "width": 120,
                "config": {
                    "mode": "Once",
                    "connection": {
                        "configurationType": "Connection Management",
                        "connectionID": "S3_THH"
                    },
                    "path": "/replication2",
                    "listDirectories": true
                }
            }
        },
        "readfile1": {
            "component": "com.sap.file.read",
            "metadata": {
                "label": "Read File",
                "x": 925.9999961853027,
                "y": 12,
                "height": 80,
                "width": 120,
                "config": {}
            }
        },
        "runhanasql1": {
            "component": "com.sap.hana.runSQL",
            "metadata": {
                "label": "Run HANA SQL",
                "x": 571.999997138977,
                "y": 12,
                "height": 80,
                "width": 120,
                "config": {
                    "connection": {
                        "configurationType": "Configuration Manager",
                        "connectionID": "HANA_CLOUD_REPLICATION"
                    }
                }
            }
        },
        "python3operator1": {
            "component": "com.sap.system.python3Operator",
            "metadata": {
                "label": "Python3 Operator",
                "x": 756.9999961853027,
                "y": 12,
                "height": 80,
                "width": 120,
                "extensible": true,
                "config": {
                    "script": "\ndef on_input(msg):\n    \n    att = dict(msg.attributes)\n    att['primary_keys'] = [ i[2] for i in msg.body]\n    msg = api.Message(attributes = att, body = msg.body)\n    api.send(\"output\", msg)\n    \napi.set_port_callback(\"input\", on_input)\n\n\n"
                },
                "additionalinports": [
                    {
                        "name": "input",
                        "type": "message.table"
                    }
                ],
                "additionaloutports": [
                    {
                        "name": "output",
                        "type": "message.file"
                    }
                ]
            }
        },
        "writefile1": {
            "component": "com.sap.file.write",
            "metadata": {
                "label": "Write File",
                "x": 1480.9999933242798,
                "y": 12,
                "height": 80,
                "width": 120,
                "config": {
                    "connection": {
                        "configurationType": "Connection Management",
                        "connectionID": "S3_THH"
                    },
                    "pathMode": "Static with placeholders",
                    "mode": "Overwrite",
                    "path": "/tables/<header:table_name>.csv"
                }
            }
        },
        "graphterminator1": {
            "component": "com.sap.util.graphTerminator",
            "metadata": {
                "label": "Graph Terminator",
                "x": 1850.9999914169312,
                "y": 12,
                "height": 80,
                "width": 120,
                "config": {}
            }
        },
        "gate1": {
            "component": "di_replication.gate",
            "metadata": {
                "label": "Gate",
                "x": 1665.9999923706055,
                "y": 12,
                "height": 80,
                "width": 120,
                "extensible": true,
                "config": {}
            }
        },
        "primarykeysql1": {
            "component": "di_replication.primarykey_table",
            "metadata": {
                "label": "Primary key SQL",
                "x": 386.99999809265137,
                "y": 12,
                "height": 80,
                "width": 120,
                "extensible": true,
                "config": {
                    "schema": "REPLICATION"
                }
            }
        },
        "jsontodf1": {
            "component": "di_replication.json_df",
            "metadata": {
                "label": "json to df",
                "x": 1110.9999952316284,
                "y": 12,
                "height": 80,
                "width": 120,
                "extensible": true,
                "config": {}
            }
        },
        "updatefile1": {
            "component": "di_replication.update_file",
            "metadata": {
                "label": "Update File",
                "x": 1295.999994277954,
                "y": 12,
                "height": 80,
                "width": 120,
                "extensible": true,
                "config": {}
            }
        }
    },
    "groups": [],
    "connections": [
        {
            "metadata": {
                "points": "141,43 168.99999952316284,43 168.99999952316284,52 196.99999904632568,52"
            },
            "src": {
                "port": "ref",
                "process": "listfiles2"
            },
            "tgt": {
                "port": "dirRef",
                "process": "listfiles1"
            }
        },
        {
            "metadata": {
                "points": "695.999997138977,43 723.9999966621399,43 723.9999966621399,52 751.9999961853027,52"
            },
            "src": {
                "port": "success",
                "process": "runhanasql1"
            },
            "tgt": {
                "port": "input",
                "process": "python3operator1"
            }
        },
        {
            "metadata": {
                "points": "880.9999961853027,52 920.9999961853027,52"
            },
            "src": {
                "port": "output",
                "process": "python3operator1"
            },
            "tgt": {
                "port": "ref",
                "process": "readfile1"
            }
        },
        {
            "metadata": {
                "points": "1604.9999933242798,43 1632.9999928474426,43 1632.9999928474426,52 1660.9999923706055,52"
            },
            "src": {
                "port": "file",
                "process": "writefile1"
            },
            "tgt": {
                "port": "data",
                "process": "gate1"
            }
        },
        {
            "metadata": {
                "points": "325.9999990463257,43 353.9999985694885,43 353.9999985694885,52 381.99999809265137,52"
            },
            "src": {
                "port": "ref",
                "process": "listfiles1"
            },
            "tgt": {
                "port": "filename",
                "process": "primarykeysql1"
            }
        },
        {
            "metadata": {
                "points": "510.99999809265137,61 538.9999976158142,61 538.9999976158142,52 566.999997138977,52"
            },
            "src": {
                "port": "sqlkeys",
                "process": "primarykeysql1"
            },
            "tgt": {
                "port": "input",
                "process": "runhanasql1"
            }
        },
        {
            "metadata": {
                "points": "1049.9999961853027,43 1077.9999957084656,43 1077.9999957084656,52 1105.9999952316284,52"
            },
            "src": {
                "port": "file",
                "process": "readfile1"
            },
            "tgt": {
                "port": "stream",
                "process": "jsontodf1"
            }
        },
        {
            "metadata": {
                "points": "1234.9999952316284,61 1262.9999947547913,61 1262.9999947547913,52 1290.999994277954,52"
            },
            "src": {
                "port": "data",
                "process": "jsontodf1"
            },
            "tgt": {
                "port": "data",
                "process": "updatefile1"
            }
        },
        {
            "metadata": {
                "points": "1419.999994277954,61 1447.999993801117,61 1447.999993801117,52 1475.9999933242798,52"
            },
            "src": {
                "port": "data",
                "process": "updatefile1"
            },
            "tgt": {
                "port": "file",
                "process": "writefile1"
            }
        },
        {
            "metadata": {
                "points": "1789.9999923706055,61 1817.9999918937683,61 1817.9999918937683,52 1845.9999914169312,52"
            },
            "src": {
                "port": "data",
                "process": "gate1"
            },
            "tgt": {
                "port": "stop",
                "process": "graphterminator1"
            }
        }
    ],
    "inports": {},
    "outports": {}
}