{
    "description": "Primary key SQL",
    "component": "com.sap.system.python3Operator",
    "versionStatus": "active",
    "inports": [
        {
            "name": "filename",
            "type": "message.file"
        }
    ],
    "outports": [
        {
            "name": "log",
            "type": "string"
        },
        {
            "name": "sqlkeys",
            "type": "message"
        }
    ],
    "iconsrc": "primarykey_table.svg",
    "config": {
        "$type": "http://sap.com/vflow/di_replication.primarykey_table.configSchema.json",
        "schema": "SCHEMA",
        "script": "file://primarykey_table.py"
    }
}