{
    "description": "Check Data",
    "component": "com.sap.system.python3Operator",
    "inports": [
        {
            "name": "input",
            "type": "message.table",
            "description": "data"
        }
    ],
    "outports": [
        {
            "name": "log",
            "type": "string",
            "description": "Logging data"
        },
        {
            "name": "output",
            "type": "message.file",
            "description": "data"
        },
        {
            "name": "nodata",
            "type": "message.file",
            "description": "no data"
        }
    ],
    "config": {
        "$type": "http://sap.com/vflow/di_replication.checkdata.configSchema.json",
        "script": "file://checkdata.py",
        "transform": true
    },
    "tags": {},
    "iconsrc": "checkdata.svg"
}