{
    "properties": {},
    "description": "CheckConsistency",
    "processes": {
        "listfiles1": {
            "component": "com.sap.file.list",
            "metadata": {
                "label": "List Files",
                "x": 1399.9999923706055,
                "y": 74.99999952316284,
                "height": 80,
                "width": 120,
                "config": {
                    "mode": "Once",
                    "connection": {
                        "configurationType": "Connection Management",
                        "connectionID": "S3_THH"
                    },
                    "recursive": true,
                    "path": "/replication/REPLICATION"
                }
            }
        },
        "replcollectfiles1": {
            "component": "sdi_replication.repl_collect_files",
            "metadata": {
                "label": "Repl. Collect Files",
                "x": 1584.9999914169312,
                "y": 74.99999952316284,
                "height": 80,
                "width": 120,
                "extensible": true,
                "config": {
                    "debug_mode": true
                }
            }
        },
        "wiretap1": {
            "component": "com.sap.util.wiretap",
            "metadata": {
                "label": "Wiretap",
                "x": 2187.999988555908,
                "y": 117.99999952316284,
                "height": 80,
                "width": 120,
                "ui": "dynpath",
                "config": {}
            }
        },
        "graphterminator1": {
            "component": "com.sap.util.graphTerminator",
            "metadata": {
                "label": "Graph Terminator",
                "x": 2002.9999895095825,
                "y": 187.99999952316284,
                "height": 80,
                "width": 120,
                "config": {}
            }
        },
        "getchecksumcolumn1": {
            "component": "sdi_replication.repl_get_checksum_col",
            "metadata": {
                "label": "Get Checksum Column",
                "x": 257.99999809265137,
                "y": 43.49999976158142,
                "height": 80,
                "width": 120,
                "extensible": true,
                "config": {
                    "replication_repos": "REPLICATION.TEST_TABLES_REPOS"
                }
            }
        },
        "runhanasql1": {
            "component": "com.sap.hana.runSQL",
            "metadata": {
                "label": "Get CHECKSUM_COL",
                "x": 442.99999713897705,
                "y": 57.99999952316284,
                "height": 80,
                "width": 120,
                "config": {
                    "connection": {
                        "configurationType": "Configuration Manager",
                        "connectionID": "HANA_TH"
                    }
                }
            }
        },
        "12multiplexer1": {
            "component": "com.sap.system.multiplexer.1-2",
            "metadata": {
                "label": "1:2 Multiplexer",
                "x": 72.99999904632568,
                "y": 103.99999976158142,
                "height": 80,
                "width": 120,
                "extensible": true,
                "config": {}
            }
        },
        "getcheckprofileoftable1": {
            "component": "sdi_replication.repl_get_check_profile",
            "metadata": {
                "label": "Get Check Profile of Table",
                "x": 627.9999961853027,
                "y": 109.49999952316284,
                "height": 80,
                "width": 120,
                "extensible": true,
                "config": {}
            }
        },
        "runhanasql2": {
            "component": "com.sap.hana.runSQL",
            "metadata": {
                "label": "CHECK Profile",
                "x": 812.9999952316284,
                "y": 117.99999952316284,
                "height": 80,
                "width": 120,
                "config": {
                    "connection": {
                        "configurationType": "Configuration Manager",
                        "connectionID": "HANA_TH"
                    }
                }
            }
        },
        "readfile1": {
            "component": "com.sap.file.read",
            "metadata": {
                "label": "Read File",
                "x": 257.99999809265137,
                "y": 163.49999976158142,
                "height": 80,
                "width": 120,
                "config": {}
            }
        },
        "csvtodf1": {
            "component": "sdi_utils_operators.csv_df",
            "metadata": {
                "label": "csv to df",
                "x": 442.99999713897705,
                "y": 177.99999952316284,
                "height": 80,
                "width": 120,
                "extensible": true,
                "config": {}
            }
        },
        "checkfile1": {
            "component": "sdi_replication.repl_check_file",
            "metadata": {
                "label": "check_file",
                "x": 997.9999942779541,
                "y": 126.49999952316284,
                "height": 80,
                "width": 120,
                "extensible": true,
                "config": {
                    "debug_mode": true
                }
            }
        },
        "51multiplexer1": {
            "component": "com.sap.system.multiplexer.5-1",
            "metadata": {
                "label": "5:1 Multiplexer",
                "x": 2002.9999895095825,
                "y": 47.99999952316284,
                "height": 100,
                "width": 120,
                "extensible": true,
                "config": {}
            }
        },
        "writefile1": {
            "component": "com.sap.file.write",
            "metadata": {
                "label": "Write File",
                "x": 1182.9999933242798,
                "y": 134.99999952316284,
                "height": 80,
                "width": 120,
                "config": {
                    "mode": "Overwrite"
                }
            }
        },
        "repldispatchfiles1": {
            "component": "sdi_replication.repl_dispatch_files",
            "metadata": {
                "label": "Repl. Dispatch Files",
                "x": 1801.9999904632568,
                "y": 135.49999952316284,
                "height": 80,
                "width": 120,
                "extensible": true,
                "config": {
                    "debug_mode": true
                }
            }
        },
        "updateconsistency1": {
            "component": "sdi_replication.repl_consistency_update",
            "metadata": {
                "label": "Update consistency",
                "x": 1399.9999923706055,
                "y": 194.99999952316284,
                "height": 80,
                "width": 120,
                "extensible": true,
                "config": {}
            }
        },
        "runhanasql3": {
            "component": "com.sap.hana.runSQL",
            "metadata": {
                "label": "Update Table Repos",
                "x": 1584.9999914169312,
                "y": 194.99999952316284,
                "height": 80,
                "width": 120,
                "config": {
                    "connection": {
                        "configurationType": "Configuration Manager",
                        "connectionID": "HANA_TH"
                    }
                }
            }
        }
    },
    "groups": [],
    "connections": [
        {
            "metadata": {
                "points": "1523.9999923706055,105.99999952316284 1551.9999918937683,105.99999952316284 1551.9999918937683,114.99999952316284 1579.9999914169312,114.99999952316284"
            },
            "src": {
                "port": "ref",
                "process": "listfiles1"
            },
            "tgt": {
                "port": "files",
                "process": "replcollectfiles1"
            }
        },
        {
            "metadata": {
                "points": "381.99999809265137,92.49999976158142 409.9999976158142,92.49999976158142 409.9999976158142,97.99999952316284 437.99999713897705,97.99999952316284"
            },
            "src": {
                "port": "msg",
                "process": "getchecksumcolumn1"
            },
            "tgt": {
                "port": "input",
                "process": "runhanasql1"
            }
        },
        {
            "metadata": {
                "points": "196.99999904632568,134.99999976158142 224.99999856948853,134.99999976158142 224.99999856948853,83.49999976158142 252.99999809265137,83.49999976158142"
            },
            "src": {
                "port": "out1",
                "process": "12multiplexer1"
            },
            "tgt": {
                "port": "data",
                "process": "getchecksumcolumn1"
            }
        },
        {
            "metadata": {
                "points": "196.99999904632568,152.99999976158142 224.99999856948853,152.99999976158142 224.99999856948853,203.49999976158142 252.99999809265137,203.49999976158142"
            },
            "src": {
                "port": "out2",
                "process": "12multiplexer1"
            },
            "tgt": {
                "port": "ref",
                "process": "readfile1"
            }
        },
        {
            "metadata": {
                "points": "381.99999809265137,194.49999976158142 409.9999976158142,194.49999976158142 409.9999976158142,217.99999952316284 437.99999713897705,217.99999952316284"
            },
            "src": {
                "port": "file",
                "process": "readfile1"
            },
            "tgt": {
                "port": "csv",
                "process": "csvtodf1"
            }
        },
        {
            "metadata": {
                "points": "566.999997138977,226.99999952316284 594.9999966621399,226.99999952316284 594.9999966621399,217.49999904632568 779.9999957084656,217.49999904632568 779.9999957084656,225.99999904632568 964.9999947547913,225.99999904632568 964.9999947547913,175.49999952316284 992.9999942779541,175.49999952316284"
            },
            "src": {
                "port": "data",
                "process": "csvtodf1"
            },
            "tgt": {
                "port": "data",
                "process": "checkfile1"
            }
        },
        {
            "metadata": {
                "points": "936.9999952316284,148.99999952316284 964.9999947547913,148.99999952316284 964.9999947547913,157.49999952316284 992.9999942779541,157.49999952316284"
            },
            "src": {
                "port": "success",
                "process": "runhanasql2"
            },
            "tgt": {
                "port": "check",
                "process": "checkfile1"
            }
        },
        {
            "metadata": {
                "points": "381.99999809265137,74.49999976158142 409.9999976158142,74.49999976158142 409.9999976158142,29 594.9999966621399,29 594.9999966621399,80.5 779.9999957084656,80.5 779.9999957084656,72 964.9999947547913,72 964.9999947547913,80.5 1149.999993801117,80.5 1149.999993801117,72 1334.9999928474426,72 1334.9999928474426,12 1768.999990940094,12 1768.999990940094,72.5 1969.9999899864197,72.5 1969.9999899864197,79.99999952316284 1997.9999895095825,79.99999952316284"
            },
            "src": {
                "port": "log",
                "process": "getchecksumcolumn1"
            },
            "tgt": {
                "port": "in2",
                "process": "51multiplexer1"
            }
        },
        {
            "metadata": {
                "points": "751.9999961853027,140.49999952316284 779.9999957084656,140.49999952316284 779.9999957084656,89 964.9999947547913,89 964.9999947547913,97.5 1149.999993801117,97.5 1149.999993801117,89 1350.9999928474426,89 1350.9999928474426,29 1752.999990940094,29 1752.999990940094,89.5 1969.9999899864197,89.5 1969.9999899864197,97.99999952316284 1997.9999895095825,97.99999952316284"
            },
            "src": {
                "port": "log",
                "process": "getcheckprofileoftable1"
            },
            "tgt": {
                "port": "in3",
                "process": "51multiplexer1"
            }
        },
        {
            "metadata": {
                "points": "1121.999994277954,157.49999952316284 1149.999993801117,157.49999952316284 1149.999993801117,106 1366.9999928474426,106 1366.9999928474426,46 1736.999990940094,46 1736.999990940094,106.5 1969.9999899864197,106.5 1969.9999899864197,115.99999952316284 1997.9999895095825,115.99999952316284"
            },
            "src": {
                "port": "log",
                "process": "checkfile1"
            },
            "tgt": {
                "port": "in4",
                "process": "51multiplexer1"
            }
        },
        {
            "metadata": {
                "points": "2126.9999895095825,97.99999952316284 2154.9999890327454,97.99999952316284 2154.9999890327454,157.99999952316284 2182.999988555908,157.99999952316284"
            },
            "src": {
                "port": "out1",
                "process": "51multiplexer1"
            },
            "tgt": {
                "port": "in",
                "process": "wiretap1"
            }
        },
        {
            "metadata": {
                "points": "751.9999961853027,158.49999952316284 779.9999957084656,158.49999952316284 779.9999957084656,157.99999952316284 807.9999952316284,157.99999952316284"
            },
            "src": {
                "port": "msg",
                "process": "getcheckprofileoftable1"
            },
            "tgt": {
                "port": "input",
                "process": "runhanasql2"
            }
        },
        {
            "metadata": {
                "points": "1121.999994277954,175.49999952316284 1149.999993801117,175.49999952316284 1149.999993801117,174.99999952316284 1177.9999933242798,174.99999952316284"
            },
            "src": {
                "port": "csv",
                "process": "checkfile1"
            },
            "tgt": {
                "port": "file",
                "process": "writefile1"
            }
        },
        {
            "metadata": {
                "points": "1708.9999914169312,123.99999952316284 1736.999990940094,123.99999952316284 1736.999990940094,166.49999952316284 1796.9999904632568,166.49999952316284"
            },
            "src": {
                "port": "file",
                "process": "replcollectfiles1"
            },
            "tgt": {
                "port": "files",
                "process": "repldispatchfiles1"
            }
        },
        {
            "metadata": {
                "points": "1925.9999904632568,157.49999952316284 1953.9999899864197,157.49999952316284 1953.9999899864197,61.99999952316284 1997.9999895095825,61.99999952316284"
            },
            "src": {
                "port": "log",
                "process": "repldispatchfiles1"
            },
            "tgt": {
                "port": "in1",
                "process": "51multiplexer1"
            }
        },
        {
            "metadata": {
                "points": "1925.9999904632568,175.49999952316284 1953.9999899864197,175.49999952316284 1953.9999899864197,243.49999904632568 1736.999990940094,243.49999904632568 1736.999990940094,302.9999990463257 1334.9999928474426,302.9999990463257 1334.9999928474426,242.99999904632568 1149.999993801117,242.99999904632568 1149.999993801117,234.49999904632568 964.9999947547913,234.49999904632568 964.9999947547913,242.99999904632568 779.9999957084656,242.99999904632568 779.9999957084656,234.49999904632568 594.9999966621399,234.49999904632568 594.9999966621399,285.9999990463257 409.9999976158142,285.9999990463257 409.9999976158142,271.49999928474426 224.99999856948853,271.49999928474426 224.99999856948853,211.99999928474426 12,211.99999928474426 12,143.99999976158142 67.99999904632568,143.99999976158142"
            },
            "src": {
                "port": "file",
                "process": "repldispatchfiles1"
            },
            "tgt": {
                "port": "in1",
                "process": "12multiplexer1"
            }
        },
        {
            "metadata": {
                "points": "566.999997138977,88.99999952316284 594.9999966621399,88.99999952316284 594.9999966621399,149.49999952316284 622.9999961853027,149.49999952316284"
            },
            "src": {
                "port": "success",
                "process": "runhanasql1"
            },
            "tgt": {
                "port": "data",
                "process": "getcheckprofileoftable1"
            }
        },
        {
            "metadata": {
                "points": "1925.9999904632568,193.49999952316284 1969.9999899864197,193.49999952316284 1969.9999899864197,227.99999952316284 1997.9999895095825,227.99999952316284"
            },
            "src": {
                "port": "limit",
                "process": "repldispatchfiles1"
            },
            "tgt": {
                "port": "stop",
                "process": "graphterminator1"
            }
        },
        {
            "metadata": {
                "points": "1306.9999933242798,165.99999952316284 1334.9999928474426,165.99999952316284 1334.9999928474426,234.99999952316284 1394.9999923706055,234.99999952316284"
            },
            "src": {
                "port": "file",
                "process": "writefile1"
            },
            "tgt": {
                "port": "data",
                "process": "updateconsistency1"
            }
        },
        {
            "metadata": {
                "points": "1708.9999914169312,225.99999952316284 1736.999990940094,225.99999952316284 1736.999990940094,184.49999952316284 1796.9999904632568,184.49999952316284"
            },
            "src": {
                "port": "success",
                "process": "runhanasql3"
            },
            "tgt": {
                "port": "trigger",
                "process": "repldispatchfiles1"
            }
        },
        {
            "metadata": {
                "points": "1523.9999923706055,243.99999952316284 1552,244 1552,235 1579.9999914169312,234.99999952316284"
            },
            "src": {
                "port": "msg",
                "process": "updateconsistency1"
            },
            "tgt": {
                "port": "input",
                "process": "runhanasql3"
            }
        }
    ],
    "inports": {},
    "outports": {}
}