{
    "icon": "",
    "properties": {},
    "description": "Prep Object Store",
    "processes": {
        "readhanatable1": {
            "component": "com.sap.hana.readTable",
            "metadata": {
                "label": "Read HANA Replication Table",
                "x": 458.99999713897705,
                "y": 48.99999952316284,
                "height": 80,
                "width": 120,
                "config": {
                    "connection": {
                        "configurationType": "Configuration Manager",
                        "connectionID": "HANA_TH"
                    },
                    "configMode": "Static (from configuration)",
                    "tableName": "REPLICATION.TEST_TABLES_REPOS"
                }
            }
        },
        "runhanasql1": {
            "component": "com.sap.hana.runSQL",
            "metadata": {
                "label": "Select Top Row",
                "x": 72.99999904632568,
                "y": 94.99999976158142,
                "height": 80,
                "width": 120,
                "config": {
                    "connection": {
                        "configurationType": "Configuration Manager",
                        "connectionID": "HANA_TH"
                    }
                }
            }
        },
        "readtoprow1": {
            "component": "sdi_replication.repl_read_top_row",
            "metadata": {
                "label": "Read Top Row",
                "x": 876.9999952316284,
                "y": 57.99999952316284,
                "height": 80,
                "width": 120,
                "extensible": true,
                "config": {
                    "debug_mode": true
                }
            }
        },
        "tabletocsv1": {
            "component": "sdi_replication.repl_table_csv",
            "metadata": {
                "label": "table to csv",
                "x": 257.99999809265137,
                "y": 94.49999976158142,
                "height": 80,
                "width": 120,
                "extensible": true,
                "config": {
                    "only_header": true,
                    "debug_mode": true,
                    "drop_columns": "DIREPL_STATUS, DIREPL_PACKAGEID, DIREPL_PID"
                }
            }
        },
        "writefile1": {
            "component": "com.sap.file.write",
            "metadata": {
                "label": "Write File",
                "x": 458.99999713897705,
                "y": 168.99999952316284,
                "height": 80,
                "width": 120,
                "config": {
                    "connection": {
                        "configurationType": "Connection Management",
                        "connectionID": "S3_THH"
                    },
                    "pathMode": "Static with placeholders",
                    "path": "/replication/<header:schema_name>/<header:table_name>/<header:table_name>.csv",
                    "mode": "Overwrite"
                }
            }
        },
        "workflowterminator1": {
            "component": "com.sap.dh.terminator",
            "metadata": {
                "label": "Workflow Terminator",
                "x": 876.9999952316284,
                "y": 177.99999952316284,
                "height": 80,
                "width": 120,
                "config": {}
            }
        },
        "31multiplexer1": {
            "component": "com.sap.system.multiplexer.3-1",
            "metadata": {
                "label": "3:1 Multiplexer",
                "x": 1109.999994277954,
                "y": 108.99999952316284,
                "height": 80,
                "width": 120,
                "extensible": true,
                "config": {}
            }
        },
        "wiretap1": {
            "component": "com.sap.util.wiretap",
            "metadata": {
                "label": "Wiretap",
                "x": 1278.999994277954,
                "y": 108.99999952316284,
                "height": 80,
                "width": 120,
                "ui": "dynpath",
                "config": {}
            }
        },
        "dispatchtables1": {
            "component": "sdi_replication.repl_dispatch_tables",
            "metadata": {
                "label": "Dispatch Tables",
                "x": 659.9999961853027,
                "y": 108.99999952316284,
                "height": 80,
                "width": 120,
                "extensible": true,
                "config": {
                    "count_all_roundtrips": true
                }
            }
        }
    },
    "groups": [],
    "connections": [
        {
            "metadata": {
                "points": "1000.9999952316284,106.99999952316284 1028.9999947547913,106.99999952316284 1028.9999947547913,285.9999990463257 811.9999957084656,285.9999990463257 811.9999957084656,216.99999904632568 610.9999966621399,216.99999904632568 610.9999966621399,276.9999990463257 409.9999976158142,276.9999990463257 409.9999976158142,202.49999928474426 224.99999856948853,202.49999928474426 224.99999856948853,202.99999928474426 12,202.99999928474426 12,134.99999976158142 67.99999904632568,134.99999976158142"
            },
            "src": {
                "port": "msg",
                "process": "readtoprow1"
            },
            "tgt": {
                "port": "input",
                "process": "runhanasql1"
            }
        },
        {
            "metadata": {
                "points": "196.99999904632568,125.99999976158142 224.99999856948853,125.99999976158142 224.99999856948853,134.49999976158142 252.99999809265137,134.49999976158142"
            },
            "src": {
                "port": "success",
                "process": "runhanasql1"
            },
            "tgt": {
                "port": "data",
                "process": "tabletocsv1"
            }
        },
        {
            "metadata": {
                "points": "381.99999809265137,134.49999976158142 425.9999976158142,134.49999976158142 425.9999976158142,208.99999952316284 453.99999713897705,208.99999952316284"
            },
            "src": {
                "port": "csv",
                "process": "tabletocsv1"
            },
            "tgt": {
                "port": "file",
                "process": "writefile1"
            }
        },
        {
            "metadata": {
                "points": "1000.9999952316284,88.99999952316284 1044.9999947547913,88.99999952316284 1044.9999947547913,148.99999952316284 1104.999994277954,148.99999952316284"
            },
            "src": {
                "port": "log",
                "process": "readtoprow1"
            },
            "tgt": {
                "port": "in2",
                "process": "31multiplexer1"
            }
        },
        {
            "metadata": {
                "points": "381.99999809265137,116.49999976158142 409.9999976158142,116.49999976158142 409.9999976158142,20 626.9999966621399,20 626.9999966621399,80 811.9999957084656,80 811.9999957084656,12 1076.9999947547913,12 1076.9999947547913,166.99999952316284 1104.999994277954,166.99999952316284"
            },
            "src": {
                "port": "log",
                "process": "tabletocsv1"
            },
            "tgt": {
                "port": "in3",
                "process": "31multiplexer1"
            }
        },
        {
            "metadata": {
                "points": "1233.999994277954,148.99999952316284 1273.999994277954,148.99999952316284"
            },
            "src": {
                "port": "out1",
                "process": "31multiplexer1"
            },
            "tgt": {
                "port": "in",
                "process": "wiretap1"
            }
        },
        {
            "metadata": {
                "points": "582.999997138977,79.99999952316284 610.9999966621399,79.99999952316284 610.9999966621399,139.99999952316284 654.9999961853027,139.99999952316284"
            },
            "src": {
                "port": "success",
                "process": "readhanatable1"
            },
            "tgt": {
                "port": "tables",
                "process": "dispatchtables1"
            }
        },
        {
            "metadata": {
                "points": "582.999997138977,199.99999952316284 610.9999966621399,199.99999952316284 610.9999966621399,157.99999952316284 654.9999961853027,157.99999952316284"
            },
            "src": {
                "port": "file",
                "process": "writefile1"
            },
            "tgt": {
                "port": "trigger",
                "process": "dispatchtables1"
            }
        },
        {
            "metadata": {
                "points": "783.9999961853027,166.99999952316284 827.9999957084656,166.99999952316284 827.9999957084656,217.99999952316284 871.9999952316284,217.99999952316284"
            },
            "src": {
                "port": "limit",
                "process": "dispatchtables1"
            },
            "tgt": {
                "port": "stop",
                "process": "workflowterminator1"
            }
        },
        {
            "metadata": {
                "points": "783.9999961853027,148.99999952316284 843.9999957084656,148.99999952316284 843.9999957084656,97.99999952316284 871.9999952316284,97.99999952316284"
            },
            "src": {
                "port": "trigger",
                "process": "dispatchtables1"
            },
            "tgt": {
                "port": "data",
                "process": "readtoprow1"
            }
        },
        {
            "metadata": {
                "points": "783.9999961853027,130.99999952316284 827.9999957084656,130.99999952316284 827.9999957084656,29 1060.9999947547913,29 1060.9999947547913,130.99999952316284 1104.999994277954,130.99999952316284"
            },
            "src": {
                "port": "log",
                "process": "dispatchtables1"
            },
            "tgt": {
                "port": "in1",
                "process": "31multiplexer1"
            }
        }
    ],
    "inports": {},
    "outports": {}
}