{
    "$schema": "http://json-schema.org/draft-06/schema#",
    "$id": "http://sap.com/vflow/di_replication.resetPID.configSchema.json",
    "type": "object",
    "properties": {
        "codelanguage": {
            "type": "string"
        },
        "script": {
            "type": "string"
        },
        "reset_all": {
            "title": "Reset All",
            "description": "Resets all records to DIREPL_STATUS = 'W'",
            "type": "boolean"
        },
        "pid_list": {
            "title": "PID List",
            "description": "List of PIDs to reset.",
            "type": "string"
        }
    }
}