{
    "description": "Reset PID",
    "component": "com.sap.system.python3Operator",
    "inports": [
        {
            "name": "data",
            "type": "message.file",
            "description": "Input data"
        }
    ],
    "outports": [
        {
            "name": "log",
            "type": "string",
            "description": "Logging data"
        },
        {
            "name": "msg",
            "type": "message",
            "description": "msg with sql statement"
        }
    ],
    "config": {
        "$type": "http://sap.com/vflow/di_replication.resetPID.configSchema.json",
        "script": "file://resetPID.py",
        "reset_all": false,
        "pid_list": "123, 234, 642, 984"
    },
    "tags": {},
    "iconsrc": "resetPID.svg"
}