{
    "properties": {},
    "description": "Generate Test Tables",
    "processes": {
        "runhanasql1": {
            "component": "com.sap.hana.runSQL",
            "metadata": {
                "label": "Run HANA SQL",
                "x": 196.99999904632568,
                "y": 100.99999952316284,
                "height": 80,
                "width": 120,
                "config": {
                    "connection": {
                        "configurationType": "Configuration Manager",
                        "connectionID": "HANA_TH"
                    },
                    "configMode": "Dynamic (from input)",
                    "transactionLevel": "Per statement"
                }
            }
        },
        "writehanatable1": {
            "component": "com.sap.hana.writeTable",
            "metadata": {
                "label": "Write HANA Table",
                "x": 566.999997138977,
                "y": 109.49999952316284,
                "height": 80,
                "width": 120,
                "config": {
                    "connection": {
                        "configurationType": "Configuration Manager",
                        "connectionID": "HANA_TH"
                    }
                }
            }
        },
        "graphterminator1": {
            "component": "com.sap.util.graphTerminator",
            "metadata": {
                "label": "Graph Terminator",
                "x": 1322.9999933242798,
                "y": 86.49999976158142,
                "height": 80,
                "width": 120,
                "config": {}
            }
        },
        "populatetesttables1": {
            "component": "sdi_replication.repl_populate_test_tables",
            "metadata": {
                "label": "Populate Test Tables",
                "x": 381.99999809265137,
                "y": 40.99999952316284,
                "height": 80,
                "width": 120,
                "extensible": true,
                "config": {
                    "num_rows": 25,
                    "package_size": 5,
                    "debug_mode": true
                }
            }
        },
        "wiretap3": {
            "component": "com.sap.util.wiretap",
            "metadata": {
                "label": "Wiretap",
                "x": 1137.999994277954,
                "y": 26.49999976158142,
                "height": 80,
                "width": 120,
                "ui": "dynpath",
                "config": {}
            }
        },
        "31multiplexer1": {
            "component": "com.sap.system.multiplexer.3-1",
            "metadata": {
                "label": "3:1 Multiplexer",
                "x": 952.9999952316284,
                "y": 26.49999976158142,
                "height": 80,
                "width": 120,
                "extensible": true,
                "config": {}
            }
        },
        "writehanatable2": {
            "component": "com.sap.hana.writeTable",
            "metadata": {
                "label": "Write HANA Table",
                "x": 952.9999952316284,
                "y": 146.49999976158142,
                "height": 80,
                "width": 120,
                "config": {
                    "connection": {
                        "configurationType": "Configuration Manager",
                        "connectionID": "HANA_TH"
                    },
                    "statementType": "UPSERT",
                    "configMode": "Static (from configuration)",
                    "tableName": "\"REPLICATION\".\"TEST_TABLES_REPOS\""
                }
            }
        },
        "gate1": {
            "component": "sdi_utils_operators.gate",
            "metadata": {
                "label": "Gate",
                "x": 1137.999994277954,
                "y": 146.49999976158142,
                "height": 80,
                "width": 120,
                "extensible": true,
                "config": {
                    "limit": 10000000000
                }
            }
        },
        "wiretap1": {
            "component": "com.sap.util.wiretap",
            "metadata": {
                "label": "Wiretap",
                "x": 381.99999809265137,
                "y": 160.99999952316284,
                "height": 80,
                "width": 120,
                "ui": "dynpath",
                "config": {}
            }
        },
        "createtesttables1": {
            "component": "sdi_replication.repl_create_test_tables",
            "metadata": {
                "label": "Create Test Tables",
                "x": 12,
                "y": 86.49999976158142,
                "height": 80,
                "width": 120,
                "extensible": true,
                "config": {
                    "debug_mode": true,
                    "num_tables": 12,
                    "base_table_name": "REPLICATION.TEST_TABLE"
                }
            }
        },
        "addtesttablestorepositorytable1": {
            "component": "sdi_replication.repl_add_test_tables",
            "metadata": {
                "label": "Add Test Tables to Repository Table",
                "x": 754,
                "y": 117,
                "height": 80,
                "width": 120,
                "extensible": true,
                "config": {}
            }
        }
    },
    "groups": [],
    "connections": [
        {
            "metadata": {
                "points": "505.99999809265137,71.99999952316284 533.9999976158142,71.99999952316284 533.9999976158142,80.5 919.9999957084656,80.5 919.9999957084656,66.49999976158142 947.9999952316284,66.49999976158142"
            },
            "src": {
                "port": "log",
                "process": "populatetesttables1"
            },
            "tgt": {
                "port": "in2",
                "process": "31multiplexer1"
            }
        },
        {
            "metadata": {
                "points": "1076.9999952316284,66.49999976158142 1132.999994277954,66.49999976158142"
            },
            "src": {
                "port": "out1",
                "process": "31multiplexer1"
            },
            "tgt": {
                "port": "in",
                "process": "wiretap3"
            }
        },
        {
            "metadata": {
                "points": "505.99999809265137,89.99999952316284 533.9999976158142,89.99999952316284 533.9999976158142,149.49999952316284 561.999997138977,149.49999952316284"
            },
            "src": {
                "port": "table",
                "process": "populatetesttables1"
            },
            "tgt": {
                "port": "input",
                "process": "writehanatable1"
            }
        },
        {
            "metadata": {
                "points": "1261.999994277954,186.49999976158142 1289.999993801117,186.49999976158142 1289.999993801117,126.49999976158142 1317.9999933242798,126.49999976158142"
            },
            "src": {
                "port": "trigger",
                "process": "gate1"
            },
            "tgt": {
                "port": "stop",
                "process": "graphterminator1"
            }
        },
        {
            "metadata": {
                "points": "320.9999990463257,149.99999952316284 348.9999985694885,149.99999952316284 348.9999985694885,200.99999952316284 376.99999809265137,200.99999952316284"
            },
            "src": {
                "port": "error",
                "process": "runhanasql1"
            },
            "tgt": {
                "port": "in",
                "process": "wiretap1"
            }
        },
        {
            "metadata": {
                "points": "136,135.49999976158142 163.99999952316284,135.49999976158142 163.99999952316284,140.99999952316284 191.99999904632568,140.99999952316284"
            },
            "src": {
                "port": "sql",
                "process": "createtesttables1"
            },
            "tgt": {
                "port": "input",
                "process": "runhanasql1"
            }
        },
        {
            "metadata": {
                "points": "136,117.49999976158142 163.99999952316284,117.49999976158142 163.99999952316284,72 348.9999985694885,72 348.9999985694885,12 533.9999976158142,12 533.9999976158142,63.5 903.9999957084656,63.5 903.9999957084656,48.49999976158142 947.9999952316284,48.49999976158142"
            },
            "src": {
                "port": "log",
                "process": "createtesttables1"
            },
            "tgt": {
                "port": "in1",
                "process": "31multiplexer1"
            }
        },
        {
            "metadata": {
                "points": "1076.9999952316284,177.49999976158142 1105,177.5 1105,204.5 1132.999994277954,204.49999976158142"
            },
            "src": {
                "port": "success",
                "process": "writehanatable2"
            },
            "tgt": {
                "port": "data",
                "process": "gate1"
            }
        },
        {
            "metadata": {
                "points": "690.999997138977,140.49999952316284 720,140.5 720,157 749,157"
            },
            "src": {
                "port": "success",
                "process": "writehanatable1"
            },
            "tgt": {
                "port": "data",
                "process": "addtesttablestorepositorytable1"
            }
        },
        {
            "metadata": {
                "points": "878,148 913,148 913,84.5 947.9999952316284,84.49999976158142"
            },
            "src": {
                "port": "log",
                "process": "addtesttablestorepositorytable1"
            },
            "tgt": {
                "port": "in3",
                "process": "31multiplexer1"
            }
        },
        {
            "metadata": {
                "points": "878,166 913,166 913,186.5 947.9999952316284,186.49999976158142"
            },
            "src": {
                "port": "data",
                "process": "addtesttablestorepositorytable1"
            },
            "tgt": {
                "port": "input",
                "process": "writehanatable2"
            }
        },
        {
            "metadata": {
                "points": "320.9999990463257,131.99999952316284 349,132 349,81 376.99999809265137,80.99999952316284"
            },
            "src": {
                "port": "success",
                "process": "runhanasql1"
            },
            "tgt": {
                "port": "data",
                "process": "populatetesttables1"
            }
        }
    ],
    "inports": {},
    "outports": {}
}