{
    "description": "Repl. Select",
    "component": "com.sap.system.python3Operator",
    "versionStatus": "active",
    "inports": [
        {
            "name": "trigger",
            "type": "message.table"
        }
    ],
    "outports": [
        {
            "name": "log",
            "type": "string"
        },
        {
            "name": "msg",
            "type": "message"
        }
    ],
    "iconsrc": "repl_select.svg",
    "config": {
        "$type": "http://sap.com/vflow/sdi_replication.repl_select.configSchema.json",
        "script": "file://repl_select.py",
        "scriptReference": "repl_select.py"
    }
}